lot_number,site,auction_date,auction_time,maker,model,year,chassis_id,grade,transmission,cc,color,mileage,point,sold_price,avg_price_predicted_ru,avg_price_predicted_hex
"4645","arai aa oyama v/t","2026-02-07","17:20","ISUZU","ISUZU GIGA","2018","CYJ77B","ALUMINIUM WING","..S","9830","ACTUAL VEHICLE","813000","R","0","0","#000000"
"4641","arai aa oyama v/t","2026-02-07","17:18","ISUZU","ISUZU GIGA","2017","CYY77B","CHASSIS","F7","9830","ACTUAL VEHICLE","422000","R","0","0","#000000"
"4637","arai aa oyama v/t","2026-02-07","17:15","MITSUBISHI","MITSUBISHI FUSO FIGHTER","2004","FQ61FN","Dump","F6","7540","OTHER","315000","R","0","0","#000000"
"4635","arai aa oyama v/t","2026-02-07","17:14","ISUZU","ISUZU GIGA","2006","CYJ51W6","ALUMINIUM WING","F7","14250","ACTUAL VEHICLE","35","","0","1612000","#eed649"
"4633","arai aa oyama v/t","2026-02-07","17:13","ISUZU","ISUZU GIGA","2009","CYL77V8","ALUMINIUM WING","..S","9830","ACTUAL VEHICLE","862000","3","0","1709000","#51b0df"
"4607","arai aa oyama v/t","2026-02-07","17:11","ISUZU","ISUZU FORWARD","2010","FSR90S2","ｼﾞﾝ Key","F6","5190","OTHER","200000","3.5","0","1334000","#eed649"
"4629","arai aa oyama v/t","2026-02-07","17:11","MITSUBISHI","MITSUBISHI SUPER GREAT","2011","FV50VYｶｲ","","F7","12800","OTHER","406000","R","0","0","#000000"
"4614","arai aa oyama v/t","2026-02-07","17:09","ISUZU","ISUZU FORWARD","2005","FSR34D4S","Dump","F7","7790","OTHER","458000","3","0","0","#000000"
"4646","arai aa oyama v/t","2026-02-07","17:07","MITSUBISHI","MITSUBISHI SUPER GREAT","2019","FU74HZ","Gila . Aluminum B","ﾄｸS","10670","OTHER","598000","3.5","0","0","#000000"
"4644","arai aa oyama v/t","2026-02-07","17:06","ISUZU","ISUZU GIGA","2015","CYJ77AA","COMMON. ALUMINIUM B","F7","9830","ACTUAL VEHICLE","628000","3.5","0","0","#000000"
"4649","arai aa oyama v/t","2026-02-07","17:05","HINO","HINO PROFIA","2004","SS1EKJA","Tractor","HL","0","OTHER","3","","0","0","#000000"
"4647","arai aa oyama v/t","2026-02-07","17:04","HINO","HINO RANGER","2015","GD7JPAG","Aluminum ｳｲﾝｸﾞ","ﾄｸS","6400","OTHER","414000","R","0","0","#000000"
"4615","arai aa oyama v/t","2026-02-07","17:03","MITSUBISHI","MITSUBISHI SUPER GREAT","2012","FV50VX","Dump","F7","1280","OTHER","3","","0","1872000","#eed649"
"4650","arai aa oyama v/t","2026-02-07","17:03","HINO","HINO PROFIA","2013","FR1EXBA","Dump","ﾄｸS","12910","OTHER","723000","R","0","0","#000000"
"4643","arai aa oyama v/t","2026-02-07","17:02","NISSAN","NISSAN QUON","2007","CW2XL","Dump","F7","9200","OTHER","513000","3","0","1335000","#ff9c33"
"4648","arai aa oyama v/t","2026-02-07","17:01","NISSAN","NISSAN UD SERIES","2014","CD5ZA","Aluminum ｳｲﾝｸﾞ","ﾄｸS","10830","OTHER","928000","3","0","1054000","#51b0df"
"4634","arai aa oyama v/t","2026-02-07","17:00","ISUZU","ISUZU GIGA","2012","CYL77A","ALUMINIUM WING","F7","9830","ACTUAL VEHICLE","35","","0","2756000","#73aa00"
"4639","arai aa oyama v/t","2026-02-07","17:00","NISSAN","NISSAN UD SERIES","2014","CG5ZA","","ﾄｸS","0","OTHER","3","","0","894000","#73aa00"
"4632","arai aa oyama v/t","2026-02-07","16:59","ISUZU","ISUZU GIGA","2006","CYZ51Q6J","ROADER","F7","14250","ACTUAL VEHICLE","242000","3.5","0","0","#000000"
"4642","arai aa oyama v/t","2026-02-07","16:58","HINO","HINO RANGER","2004","FE1JLEA","Gila . Crane 3 Dan","F6","7960","OTHER","469000","3","0","0","#000000"
"4640","arai aa oyama v/t","2026-02-07","16:57","HINO","HINO TRUCK","2013","SH1EDAG","Tractor","ﾄｸS","12910","OTHER","792000","R","0","0","#000000"
"4605","arai aa oyama v/t","2026-02-07","16:57","ISUZU","ISUZU GIGA","2005","CYM51V4","ALUMINIUM WING","F7","14250","ACTUAL VEHICLE","866000","3","0","0","#000000"
"4628","arai aa oyama v/t","2026-02-07","16:57","MITSUBISHI","MITSUBISHI SUPER GREAT","2012","FU54VZ","Aluminum ｳｲﾝｸﾞ","ﾄｸS","12800","OTHER","972000","3.5","0","1599000","#51b0df"
"4603","arai aa oyama v/t","2026-02-07","16:56","MITSUBISHI","MITSUBISHI FUSO FIGHTER","2011","FK62FZ","ｺﾝﾃﾅｾﾝﾖｳ","F6","7540","OTHER","295000","3.5","0","2600000","#ff9c33"
"4638","arai aa oyama v/t","2026-02-07","16:56","NISSAN","NISSAN QUON","2012","CG5ZL","Low -ﾀﾞ","ﾄｸS","10830","OTHER","465000","3","0","0","#000000"
"4626","arai aa oyama v/t","2026-02-07","16:56","MITSUBISHI","MITSUBISHI SUPER GREAT","2013","FV50VX","Dump","F7","12800","OTHER","746000","3","0","1465000","#51b0df"
"4631","arai aa oyama v/t","2026-02-07","16:55","HINO","HINO TRUCK","2013","FR1EXBG","ﾚｲｿﾞｳﾚｲﾄｳ","ﾄｸS","12910","OTHER","2","","0","0","#000000"
"4636","arai aa oyama v/t","2026-02-07","16:55","HINO","HINO PROFIA","2015","FR1AKDA","ﾀﾝｸ","F7","8860","SILVER","561000","3.5","0","1005000","#ff9c33"
"4599","arai aa oyama v/t","2026-02-07","16:54","ISUZU","ISUZU GIGA","2003","CYL51V4","ALUMINIUM WING","F7","14250","ACTUAL VEHICLE","3","","0","3250000","#ff9c33"
"4577","arai aa oyama v/t","2026-02-07","16:54","ISUZU","ISUZU FORWARD","2006","FSR34D4","Dump","F6","7790","OTHER","175000","3","0","2145000","#ff9c33"
"4624","arai aa oyama v/t","2026-02-07","16:54","MITSUBISHI","MITSUBISHI FUSO FIGHTER","2011","FK72FZ","ﾐ Key ｻ","MT","7540","OTHER","198000","3","0","0","#000000"
"4627","arai aa oyama v/t","2026-02-07","16:53","HINO","HINO TRUCK","1995","FW3FTDA","Low -ﾀﾞ","F7","19680","OTHER","282000","R","0","0","#000000"
"4622","arai aa oyama v/t","2026-02-07","16:53","MITSUBISHI","MITSUBISHI SUPER GREAT","1995","FV424JRｶｲ","Tractor","F5","25110","OTHER","525000","3","0","0","#000000"
"4597","arai aa oyama v/t","2026-02-07","16:53","MITSUBISHI","MITSUBISHI SUPER GREAT","2008","FY54JX","ﾎ Low","F7","12880","OTHER","670000","3","0","0","#000000"
"4625","arai aa oyama v/t","2026-02-07","16:52","HINO","HINO PROFIA","2016","SS1EKDA","Tractor","ﾄｸS","12910","OTHER","523000","3","0","0","#000000"
"4623","arai aa oyama v/t","2026-02-07","16:51","HINO","HINO PROFIA","2015","FR1EXEJ","ﾚｲｿﾞｳﾚｲﾄｳ","ﾄｸS","12910","OTHER","35","","0","1037000","#eed649"
"4630","arai aa oyama v/t","2026-02-07","16:51","HINO","HINO PROFIA","1999","FW4FWFA","","F7","20780","OTHER","556000","R","0","0","#000000"
"4616","arai aa oyama v/t","2026-02-07","16:50","ISUZU","ISUZU GIGA","2001","CXZ73K3","MIXER","F6","18930","ACTUAL VEHICLE","3","","0","0","#000000"
"82233","arai aa oyama v/t","2026-02-07","16:50","ISUZU","ISUZU ELF","2008","NLR85AN","ｼｬ-ｼ","F5","2990","WHITE","346000","0","0","0","#000000"
"4621","arai aa oyama v/t","2026-02-07","16:49","HINO","HINO PROFIA","2018","FW1AHG","Gila . Aluminum B","ﾄｸS","8860","OTHER","35","","0","7444000","#51b0df"
"82235","arai aa oyama v/t","2026-02-07","16:49","MITSUBISHI","MITSUBISHI CANTER","2013","FEB90","ｼｬ-ｼ","I5","2990","OTHER","260000","0","0","731000","#51b0df"
"4591","arai aa oyama v/t","2026-02-07","16:49","ISUZU","ISUZU GIGA","2018","CYJ77C","ALUMINIUM WING","..S","9830","ACTUAL VEHICLE","379000","3.5","0","5164000","#73aa00"
"82231","arai aa oyama v/t","2026-02-07","16:49","ISUZU","ISUZU ELF","2012","NPR85AR","Gila","F6","2990","OTHER","535000","0","0","0","#000000"
"4619","arai aa oyama v/t","2026-02-07","16:48","HINO","HINO TRUCK","2009","FR1EXYJ","ﾚｲｿﾞｳﾚｲﾄｳ","ﾄｸS","12910","OTHER","239000","3.5","0","1470000","#ff9c33"
"4612","arai aa oyama v/t","2026-02-07","16:48","ISUZU","ISUZU GIGA","2014","CXZ77AT","DUMP","F7","9830","ACTUAL VEHICLE","412000","3","0","2772000","#73aa00"
"4617","arai aa oyama v/t","2026-02-07","16:47","NISSAN","NISSAN TRUCK","2000","PK252KZ","ﾚｲｿﾞｳﾚｲﾄｳｳｲﾝｸﾞ","F6","6920","OTHER","0","","0","0","#000000"
"82232","arai aa oyama v/t","2026-02-07","16:47","NISSAN","NISSAN ATLAS","2004","AKR81EAV","Gila","F5","4770","OTHER","366000","0","0","0","#000000"
"4587","arai aa oyama v/t","2026-02-07","16:47","ISUZU","ISUZU GIGA","2014","CYJ77A","WING","F7","9830","ACTUAL VEHICLE","910000","3","0","1668000","#73aa00"
"4620","arai aa oyama v/t","2026-02-07","16:46","HINO","HINO PROFIA","2013","FR1EXBG","ﾚｲｿﾞｳﾚｲﾄｳｳｲﾝｸﾞ","F7","12910","OTHER","0","","0","884000","#eed649"
"82225","arai aa oyama v/t","2026-02-07","16:46","ISUZU","ISUZU ELF","2015","NKR85AD","Dump","F6","2990","OTHER","189000","0","0","0","#000000"
"82230","arai aa oyama v/t","2026-02-07","16:46","MITSUBISHI","MITSUBISHI CANTER","1996","FE507B","Gila","F5","4210","OTHER","253000","0","0","0","#000000"
"82229","arai aa oyama v/t","2026-02-07","16:46","HINO","HINO DUTRO","2014","XZC655M","Gila","FAT","0","OTHER","278000","0","0","0","#000000"
"4613","arai aa oyama v/t","2026-02-07","16:45","HINO","HINO PROFIA","2010","FW1EXYG","Aluminum ｳｲﾝｸﾞ","F7","12910","OTHER","0","","0","0","#000000"
"82227","arai aa oyama v/t","2026-02-07","16:45","MITSUBISHI","MITSUBISHI CANTER","2010","FE82D","Gila","I5","4890","OTHER","104000","0","0","0","#000000"
"82223","arai aa oyama v/t","2026-02-07","16:45","ISUZU","ISUZU ELF","2003","NKR81ED","Dump","F5","4770","WHITE","105000","0","0","0","#000000"
"82221","arai aa oyama v/t","2026-02-07","16:45","ISUZU","ISUZU ELF","2009","NMR85AN","Dump","ﾄｸS","3000","OTHER","227000","0","0","0","#000000"
"4583","arai aa oyama v/t","2026-02-07","16:45","ISUZU","ISUZU GIGA","2013","CYJ77A","CHILLING REFRIGERATOR WING","F7","9830","ACTUAL VEHICLE","869000","3.5","0","2026000","#51b0df"
"82226","arai aa oyama v/t","2026-02-07","16:44","MITSUBISHI","MITSUBISHI CANTER","2014","FEA50","ﾀﾝｸ","I5","2990","OTHER","277000","0","0","278000","#eed649"
"4581","arai aa oyama v/t","2026-02-07","16:44","MITSUBISHI","MITSUBISHI SUPER GREAT","2012","FS54VZ","Gila .ｾﾙﾌ Crane 3 Dan","F7","12800","OTHER","523000","3","0","1551000","#73aa00"
"4611","arai aa oyama v/t","2026-02-07","16:44","HINO","HINO PROFIA","2009","FR1EXYG","ﾚｲｿﾞｳﾚｲﾄｳ","ﾄｸS","12910","OTHER","528000","3","0","796000","#eed649"
"4618","arai aa oyama v/t","2026-02-07","16:44","HINO","HINO PROFIA","2005","FR1EZWG","Aluminum ｳｲﾝｸﾞ","ﾄｸS","12910","OTHER","794000","3","0","1466000","#eed649"
"4606","arai aa oyama v/t","2026-02-07","16:44","MITSUBISHI","MITSUBISHI SUPER GREAT","2019","FP74HDR","Tractor","ﾄｸS","10670","OTHER","861000","3","0","1815000","#ff9c33"
"82234","arai aa oyama v/t","2026-02-07","16:43","ISUZU","ISUZU ELF","2012","NPR85AN","Gila","F6","2990","OTHER","119000","0","0","0","#000000"
"1895","arai aa oyama v/t","2026-02-07","16:43","ISUZU","ISUZU ELF","1997","NKR66E2N","ｱﾅﾎﾘｹﾝﾁｭｳ","F5","4330","OTHER","136000","2","0","0","#000000"
"4609","arai aa oyama v/t","2026-02-07","16:43","HINO","HINO TRUCK","2009","FW1EXYG","Gila . Crane","F7","12910","OTHER","387000","2","0","0","#000000"
"4604","arai aa oyama v/t","2026-02-07","16:43","MITSUBISHI","MITSUBISHI SUPER GREAT","2000","FU54JUZ","Aluminum ｳｲﾝｸﾞ","F7","12880","OTHER","883000","R","0","0","#000000"
"82219","arai aa oyama v/t","2026-02-07","16:42","MAZDA","MAZDA TITAN","2008","SYE6T","Van","AT","1990","OTHER","73000","0","0","0","#000000"
"82215","arai aa oyama v/t","2026-02-07","16:42","ISUZU","ISUZU ELF","2006","NKR81N","ｼｬ-ｼ","F5","4770","OTHER","179000","0","0","0","#000000"
"82220","arai aa oyama v/t","2026-02-07","16:41","MITSUBISHI","MITSUBISHI CANTER","2025","FEBM0","Low -ﾀﾞ- Dump","I5","2990","OTHER","7000","0","0","0","#000000"
"82217","arai aa oyama v/t","2026-02-07","16:41","MITSUBISHI","MITSUBISHI CANTER","2012","FBA30","Dump","ﾄｸS","2990","OTHER","77000","0","0","0","#000000"
"1889","arai aa oyama v/t","2026-02-07","16:41","ISUZU","ISUZU ELF","1987","NKR58E","Gila","F5","3630","OTHER","173000","2","0","0","#000000"
"82228","arai aa oyama v/t","2026-02-07","16:41","ISUZU","ISUZU ELF","2008","NPR85AN","Aluminum ｳｲﾝｸﾞ","ﾄｸS","2990","OTHER","264000","0","0","375000","#ff9c33"
"4600","arai aa oyama v/t","2026-02-07","16:41","MITSUBISHI","MITSUBISHI SUPER GREAT","2007","FU54JY","ｺﾝﾃﾅｾﾝﾖｳ","F7","12880","OTHER","452000","3","0","795000","#eed649"
"1894","arai aa oyama v/t","2026-02-07","16:40","ISUZU","ISUZU ELF","2017","NJR85A","Gila","ﾄｸS","3000","OTHER","135000","RB","0","0","#000000"
"82218","arai aa oyama v/t","2026-02-07","16:40","TOYOTA","TOYOTA TOYOACE","2002","RZY230","Gila","F5","1990","OTHER","137000","0","0","0","#000000"
"1887","arai aa oyama v/t","2026-02-07","16:40","MITSUBISHI","MITSUBISHI CANTER","2006","FE73DB","ｺﾝﾃﾅｾﾝﾖｳ","I5","4890","OTHER","144000","R","0","643000","#51b0df"
"4610","arai aa oyama v/t","2026-02-07","16:40","NISSAN","NISSAN TRUCK","2005","CG55K","Low -ﾀﾞ","F7","21200","OTHER","162000","3.5","0","0","#000000"
"4598","arai aa oyama v/t","2026-02-07","16:40","ISUZU","ISUZU GIGA","2002","CYZ73Q3","CRANE EXIST","F7","18930","ACTUAL VEHICLE","696000","R","0","0","#000000"
"4608","arai aa oyama v/t","2026-02-07","16:39","NISSAN","NISSAN UD SERIES","2018","CD5CA","ﾚｲｿﾞｳﾚｲﾄｳｳｲﾝｸﾞ","ﾄｸS","10830","OTHER","3","","0","0","#000000"
"1885","arai aa oyama v/t","2026-02-07","16:39","MITSUBISHI","MITSUBISHI CANTER","","I","TSUB","F5","2830","OTHER","11000","2","0","0","#000000"
"1890","arai aa oyama v/t","2026-02-07","16:39","ISUZU","ISUZU ELF","2007","NKR85AN","ｺﾝﾃﾅｾﾝﾖｳ","F6","3000","OTHER","148000","R","0","0","#000000"
"82213","arai aa oyama v/t","2026-02-07","16:39","MITSUBISHI","MITSUBISHI CANTER","1995","FE648Eｶｲ","ｺﾝｸﾘｻ Key ﾞｮｳ","MT","4600","OTHER","196000","0","0","0","#000000"
"1892","arai aa oyama v/t","2026-02-07","16:39","MITSUBISHI","MITSUBISHI CANTER","2014","FEA50","Aluminum Van","ﾄｸS","2990","OTHER","334000","3","0","445000","#51b0df"
"82209","arai aa oyama v/t","2026-02-07","16:39","ISUZU","ISUZU ELF","1997","NKR71GN","ｺﾝｸﾘｻ Key ﾞｮｳ","MT","4600","OTHER","353000","0","0","0","#000000"
"82224","arai aa oyama v/t","2026-02-07","16:39","ISUZU","ISUZU ELF","2012","NMR85N","Gila . Aluminum B","F6","2990","OTHER","448000","0","0","0","#000000"
"4596","arai aa oyama v/t","2026-02-07","16:39","ISUZU","ISUZU GIGA","2011","CYL77A","ALUMINIUM WING","F7","9830","ACTUAL VEHICLE","868000","3.5","0","2584000","#51b0df"
"4601","arai aa oyama v/t","2026-02-07","16:38","HINO","HINO PROFIA","2008","SH1EDXG","Tractor","ﾄｸS","12910","OTHER","0","","0","0","#000000"
"1888","arai aa oyama v/t","2026-02-07","16:38","ISUZU","ISUZU ELF","2006","NKR81N","ﾐ Key ｻ","F5","4770","OTHER","114000","3","0","935000","#eed649"
"82211","arai aa oyama v/t","2026-02-07","16:38","MITSUBISHI","MITSUBISHI CANTER","2011","FEA50","Van","ﾄｸS","2990","OTHER","123000","0","0","260000","#ff9c33"
"1883","arai aa oyama v/t","2026-02-07","16:38","MITSUBISHI","MITSUBISHI CANTER","1996","FE517BD","Dump","F5","4210","OTHER","162000","3.5","0","1656000","#eed649"
"82222","arai aa oyama v/t","2026-02-07","16:38","ISUZU","ISUZU ELF","2010","NJR85AN","Aluminum Van","F5","2990","OTHER","311000","0","0","335000","#ff9c33"
"82214","arai aa oyama v/t","2026-02-07","16:38","MITSUBISHI","MITSUBISHI CANTER","2013","FEA50","Van","ﾄｸS","2990","OTHER","412000","0","0","278000","#51b0df"
"4571","arai aa oyama v/t","2026-02-07","16:38","ISUZU","ISUZU GIGA","2003","CYZ73V3","CONTAINER HEAD ARMROLL","F7","18930","ACTUAL VEHICLE","671000","3","0","0","#000000"
"82210","arai aa oyama v/t","2026-02-07","16:37","MITSUBISHI","MITSUBISHI CANTER","2001","FE51CBD","Dump","6ｿｸ","4210","OTHER","193000","0","0","800000","#ff9c33"
"82205","arai aa oyama v/t","2026-02-07","16:37","ISUZU","ISUZU ELF","2017","NMR85R","Gila","F6","2990","OTHER","354000","0","0","0","#000000"
"4567","arai aa oyama v/t","2026-02-07","16:37","MITSUBISHI","MITSUBISHI GREAT","1996","FU415N","Gila","F6","16030","OTHER","758000","3","0","0","#000000"
"4592","arai aa oyama v/t","2026-02-07","16:36","MITSUBISHI","MITSUBISHI FUSO FIGHTER","2008","FK72FZ","Gila . Crane 3 Dan","6ｿｸ","7540","OTHER","3","","0","0","#000000"
"1877","arai aa oyama v/t","2026-02-07","16:36","ISUZU","ISUZU ELF","2011","NKR85N","ｱﾅﾎﾘｹﾝﾁｭｳ","F6","2990","OTHER","17000","3","0","1183000","#ff9c33"
"1884","arai aa oyama v/t","2026-02-07","16:36","MITSUBISHI","MITSUBISHI CANTER","2010","FE71BSD","Dump","I5","2980","OTHER","107000","3.5","0","0","#000000"
"82208","arai aa oyama v/t","2026-02-07","16:36","MITSUBISHI","MITSUBISHI SUPER GREAT","2015","FP64VDR","Tractor","F7","12800","OTHER","584000","0","0","0","#000000"
"4565","arai aa oyama v/t","2026-02-07","16:36","MITSUBISHI","MITSUBISHI SUPER GREAT","2006","FT50JY","ﾀﾝｸ","F6","12880","OTHER","894000","R","0","0","#000000"
"1875","arai aa oyama v/t","2026-02-07","16:35","ISUZU","ISUZU ELF","2013","NLR85AR","Gila","ﾄｸS","2990","OTHER","45000","3","0","0","#000000"
"1882","arai aa oyama v/t","2026-02-07","16:35","ISUZU","ISUZU ELF","1991","NKR58E","Dump","F5","3630","OTHER","109000","3.5","0","0","#000000"
"82206","arai aa oyama v/t","2026-02-07","16:35","MAZDA","MAZDA TITAN","2007","LJR85AD","Dump","ﾄｸS","2990","OTHER","210000","0","0","0","#000000"
"82216","arai aa oyama v/t","2026-02-07","16:35","ISUZU","ISUZU ELF","2016","NMR85AR","Gila","F6","2990","OTHER","318000","0","0","0","#000000"
"4602","arai aa oyama v/t","2026-02-07","16:35","HINO","HINO RANGER","2012","FE7JPAA","ｼｬ-ｼ","F6","6400","OTHER","409000","3.5","0","1595000","#ff9c33"
"4595","arai aa oyama v/t","2026-02-07","16:35","HINO","HINO TRUCK","2006","FW1EXWG","ｼｬ-ｼ","F7","12900","OTHER","626000","2","0","648000","#51b0df"
"4593","arai aa oyama v/t","2026-02-07","16:34","HINO","HINO TRUCK","2018","FW1AHJ","Aluminum Van","F7","8860","OTHER","35","","0","8515000","#ff9c33"
"82201","arai aa oyama v/t","2026-02-07","16:34","MITSUBISHI","MITSUBISHI SUPER GREAT","2018","FU74HZ","ﾚｲｿﾞｳﾚｲﾄｳ","ﾄｸS","10670","OTHER","0","","0","0","#000000"
"1873","arai aa oyama v/t","2026-02-07","16:34","MAZDA","MAZDA BONGO","2006","SK82T","Gila","F5","1800","OTHER","21000","3.5","0","313000","#ff9c33"
"4588","arai aa oyama v/t","2026-02-07","16:34","MITSUBISHI","MITSUBISHI SUPER GREAT","1999","FU50MPY","Gila . Aluminum B","F6","21200","OTHER","851000","3","0","0","#000000"
"82203","arai aa oyama v/t","2026-02-07","16:34","MITSUBISHI","MITSUBISHI SUPER GREAT","2019","FU74HZ","ﾚｲｿﾞｳﾚｲﾄｳ","ﾄｸS","10670","OTHER","951000","0","0","0","#000000"
"82212","arai aa oyama v/t","2026-02-07","16:33","ISUZU","ISUZU ELF","2023","NJR88AT","Dump","F5","2990","OTHER","13000","0","0","0","#000000"
"1871","arai aa oyama v/t","2026-02-07","16:33","MAZDA","MAZDA TITAN","1992","WGM7H","Gila . Crane 5 Dan","F5","4550","OTHER","139000","3","0","0","#000000"
"1876","arai aa oyama v/t","2026-02-07","16:33","MITSUBISHI","MITSUBISHI CANTER","2018","FEB50","ﾚｲｿﾞｳﾚｲﾄｳ","F5","2990","OTHER","257000","3.5","0","902000","#73aa00"
"82199","arai aa oyama v/t","2026-02-07","16:33","MITSUBISHI","MITSUBISHI CANTER","2003","FE73EB","","I5","5240","OTHER","263000","0","0","0","#000000"
"1878","arai aa oyama v/t","2026-02-07","16:33","MITSUBISHI","MITSUBISHI CANTER","2003","FE73CEV","Van","F5","4210","OTHER","295000","3.5","0","867000","#ff9c33"
"82202","arai aa oyama v/t","2026-02-07","16:33","NISSAN","NISSAN QUON","2007","ﾐ","Key ｻ","F6","9200","","384000","0","0","0","#000000"
"4586","arai aa oyama v/t","2026-02-07","16:33","MITSUBISHI","MITSUBISHI SUPER GREAT","2007","FU50JY","Dump","F7","12880","OTHER","613000","3.5","0","780000","#eed649"
"4561","arai aa oyama v/t","2026-02-07","16:33","MITSUBISHI","MITSUBISHI BUS","2007","MS86JP","ﾊﾞｽ","I6","12880","OTHER","639000","R","0","0","#000000"
"4584","arai aa oyama v/t","2026-02-07","16:32","MITSUBISHI","MITSUBISHI FUSO FIGHTER","2006","FK65FZ","Aluminum Van","F6","7500","OTHER","0","","0","0","#000000"
"1869","arai aa oyama v/t","2026-02-07","16:32","MITSUBISHI","MITSUBISHI CANTER","2015","FBA30","Dump","I5","2990","OTHER","123000","R","0","0","#000000"
"82197","arai aa oyama v/t","2026-02-07","16:32","MITSUBISHI","MITSUBISHI CANTER","2014","FBA50","ｺﾝﾃﾅｾﾝﾖｳ","I5","2990","OTHER","209000","0","0","405000","#ff9c33"
"1874","arai aa oyama v/t","2026-02-07","16:32","ISUZU","ISUZU ELF","1994","NHS55EA","Gila","F5","2770","OTHER","291000","2","0","0","#000000"
"82200","arai aa oyama v/t","2026-02-07","16:32","TOYOTA","TOYOTA OTHER","2013","XZU600A","ｺｳｼｮｻ Key ﾞｮｳ","F5","4000","OTHER","307000","0","0","0","#000000"
"4589","arai aa oyama v/t","2026-02-07","16:31","HINO","HINO PROFIA","2017","FW1EXEG","Aluminum ｳｲﾝｸﾞ","F7","12910","OTHER","3","","0","2086000","#73aa00"
"82198","arai aa oyama v/t","2026-02-07","16:31","MITSUBISHI","MITSUBISHI CANTER","2015","FDA20","ｼｬ-ｼ","ﾄｸS","2990","OTHER","67000","0","0","0","#000000"
"82195","arai aa oyama v/t","2026-02-07","16:31","MITSUBISHI","MITSUBISHI CANTER","2003","FE71EBD","Dump","I5","5240","OTHER","133000","0","0","0","#000000"
"1872","arai aa oyama v/t","2026-02-07","16:31","ISUZU","ISUZU ELF","2011","NPR85AN","Low -ﾀﾞ","F6","3000","WHITE","253000","3.5","0","914000","#73aa00"
"82191","arai aa oyama v/t","2026-02-07","16:31","ISUZU","ISUZU ELF","2008","NMR85AR","Gila","MT","2990","OTHER","499000","0","0","485000","#ff9c33"
"1867","arai aa oyama v/t","2026-02-07","16:31","MITSUBISHI","MITSUBISHI CANTER","2002","FE82EEV","Aluminum Van","I5","5240","OTHER","816000","3","0","0","#000000"
"4594","arai aa oyama v/t","2026-02-07","16:31","NISSAN","NISSAN UD SERIES","2013","GK5XAB","","ﾄｸS","10830","OTHER","926000","B","0","0","#000000"
"4555","arai aa oyama v/t","2026-02-07","16:30","ISUZU","ISUZU GIGA","2013","CYJ77A","ALUMINIUM WING","..S","9830","ACTUAL VEHICLE","35","","0","2026000","#51b0df"
"1863","arai aa oyama v/t","2026-02-07","16:30","ISUZU","ISUZU ELF","2003","NKR81E","Gila","F5","4800","OTHER","43000","R","0","0","#000000"
"82189","arai aa oyama v/t","2026-02-07","16:30","ISUZU","ISUZU ELF","2006","NKR81AD","Dump","MT","4770","OTHER","80000","0","0","0","#000000"
"1870","arai aa oyama v/t","2026-02-07","16:30","MITSUBISHI","MITSUBISHI CANTER","2001","FG63EE","Gila","F5","5240","OTHER","226000","R","0","0","#000000"
"82196","arai aa oyama v/t","2026-02-07","16:30","MITSUBISHI","MITSUBISHI CANTER","2012","FBA00","ｼｬ-ｼ","ﾄｸS","2990","OTHER","316000","0","0","0","#000000"
"82204","arai aa oyama v/t","2026-02-07","16:30","ISUZU","ISUZU FORWARD","2018","FRR90S2","Aluminum ｳｲﾝｸﾞ","F6","5190","OTHER","365000","0","0","1126000","#eed649"
"82193","arai aa oyama v/t","2026-02-07","16:30","HINO","HINO DUTRO","2007","XZU414M","Aluminum Van","F6","4000","OTHER","711000","0","0","808000","#eed649"
"82194","arai aa oyama v/t","2026-02-07","16:29","MITSUBISHI","MITSUBISHI CANTER","2013","FEA53","Van","ﾄｸS","2990","OTHER","154000","0","0","0","#000000"
"82192","arai aa oyama v/t","2026-02-07","16:29","MITSUBISHI","MITSUBISHI CANTER","2015","FEB50","ﾚｲｿﾞｳﾚｲﾄｳ","ﾄｸS","2990","WHITE","425000","0","0","338000","#73aa00"
"4590","arai aa oyama v/t","2026-02-07","16:29","NISSAN","NISSAN BUS","2001","RM252GSN","ﾊﾞｽ","I5","6920","OTHER","519000","2","0","0","#000000"
"4585","arai aa oyama v/t","2026-02-07","16:29","HINO","HINO PROFIA","2006","FN2PWJG","Aluminum ｳｲﾝｸﾞ","F7","10520","OTHER","846000","3.5","0","1162000","#eed649"
"4580","arai aa oyama v/t","2026-02-07","16:29","ISUZU","ISUZU GIGA","2014","CYL77A","ALUMINIUM WING","F7","9830","ACTUAL VEHICLE","910000","3.5","0","2892000","#73aa00"
"1859","arai aa oyama v/t","2026-02-07","16:28","ISUZU","ISUZU ELF","2012","NPR85YN","Gila . Aluminum B","MT","3000","OTHER","181000","3.5","0","1213000","#73aa00"
"1866","arai aa oyama v/t","2026-02-07","16:28","MAZDA","MAZDA TITAN","2008","LPR85AN","Low -ﾀﾞ","F6","2990","OTHER","577000","R","0","0","#000000"
"1864","arai aa oyama v/t","2026-02-07","16:27","ISUZU","ISUZU ELF","2014","NJR85AN","Dump","F5","2990","OTHER","60000","R","0","0","#000000"
"82187","arai aa oyama v/t","2026-02-07","16:27","TOYOTA","TOYOTA DYNA","2014","XZU710","Van","F6","4000","OTHER","92000","0","0","855000","#ff9c33"
"82181","arai aa oyama v/t","2026-02-07","16:27","ISUZU","ISUZU ELF","2020","NPR88YN","Dump","F6","2990","OTHER","130000","0","0","0","#000000"
"1862","arai aa oyama v/t","2026-02-07","16:27","ISUZU","ISUZU ELF","2003","NPR81PR","WCab","MT","4700","OTHER","234000","R","0","0","#000000"
"1857","arai aa oyama v/t","2026-02-07","16:27","ISUZU","ISUZU ELF","1997","NKR66E3N","ｺｳｼｮｻ Key ﾞｮｳ","F5","4330","OTHER","271000","RB","0","0","#000000"
"1891","arai aa oyama v/t","2026-02-07","16:26","HINO","HINO DUTRO","2018","XZU640M","","MT","4000","OTHER","167000","4","0","0","#000000"
"82185","arai aa oyama v/t","2026-02-07","16:26","HINO","HINO DUTRO","2013","XZU650M","Gila","F5","4000","","168000","0","0","0","#000000"
"1860","arai aa oyama v/t","2026-02-07","16:26","MITSUBISHI","MITSUBISHI CANTER","2012","FEB90","Gila . Aluminum B","ﾄｸS","3000","WHITE","356000","R","0","844000","#51b0df"
"4579","arai aa oyama v/t","2026-02-07","16:26","NISSAN","NISSAN TRUCK","2003","CW55XHUD","Dump","F7","21200","OTHER","589000","3","0","1700000","#ff9c33"
"4547","arai aa oyama v/t","2026-02-07","16:26","ISUZU","ISUZU GIGA","2005","CYZ52P4","DUMP","F7","15680","ACTUAL VEHICLE","739000","R","0","0","#000000"
"4574","arai aa oyama v/t","2026-02-07","16:26","MITSUBISHI","MITSUBISHI SUPER GREAT","2015","FS54VZ","Aluminum ｳｲﾝｸﾞ","ﾄｸS","12800","OTHER","900000","3","0","0","#000000"
"82183","arai aa oyama v/t","2026-02-07","16:25","MITSUBISHI","MITSUBISHI CANTER","2004","FE71EBD","3ﾃﾝ Dump","IAT","5240","OTHER","122000","0","0","0","#000000"
"1853","arai aa oyama v/t","2026-02-07","16:25","MAZDA","MAZDA TITAN","1991","WGLAD","Dump","MT","3500","OTHER","124000","R","0","835000","#ff9c33"
"1858","arai aa oyama v/t","2026-02-07","16:25","ISUZU","ISUZU ELF","1990","NPR59GDRｶｲ","ｺｳｼｮｻ Key ﾞｮｳ","F5","3850","OTHER","136000","2","0","0","#000000"
"82184","arai aa oyama v/t","2026-02-07","16:25","HINO","HINO RANGER","2013","FJ7JDAA","ﾐ Key ｻ","F6","6400","OTHER","273000","0","0","0","#000000"
"1886","arai aa oyama v/t","2026-02-07","16:25","HINO","HINO DUTRO","2013","XZU710M","Van","F6","4000","OTHER","423000","3.5","0","971000","#73aa00"
"4582","arai aa oyama v/t","2026-02-07","16:24","HINO","HINO PROFIA","2013","FR1EXBG","Aluminum ｳｲﾝｸﾞ","F7","12910","OTHER","35","","0","1176000","#51b0df"
"4545","arai aa oyama v/t","2026-02-07","16:24","ISUZU","ISUZU GIGA","2010","CYJ77W8","ALUMINIUM WING","F7","9830","ACTUAL VEHICLE","3","","0","1398000","#51b0df"
"1851","arai aa oyama v/t","2026-02-07","16:24","MAZDA","MAZDA TITAN","1991","WGLAN","Dump","F5","3450","OTHER","89000","2","0","0","#000000"
"82179","arai aa oyama v/t","2026-02-07","16:24","TOYOTA","TOYOTA DYNA","1998","LY211","Van","MT","2770","OTHER","234000","0","0","0","#000000"
"1849","arai aa oyama v/t","2026-02-07","16:24","ISUZU","ISUZU ELF","2018","NKR85A","ﾚｲｿﾞｳﾚｲﾄｳ","F6","2990","OTHER","384000","3","0","0","#000000"
"4570","arai aa oyama v/t","2026-02-07","16:24","ISUZU","ISUZU GIGA","2002","CYM73Q3","DUMP","F6","0","ACTUAL VEHICLE","898000","R","0","0","#000000"
"82190","arai aa oyama v/t","2026-02-07","16:23","ISUZU","ISUZU ELF","2009","NHR85A","WCab","F5","2990","OTHER","0","","0","0","#000000"
"4575","arai aa oyama v/t","2026-02-07","16:23","HINO","HINO PROFIA","2008","FW1EXYG","Aluminum ｳｲﾝｸﾞ","F7","12910","OTHER","3","","0","1801000","#73aa00"
"4568","arai aa oyama v/t","2026-02-07","16:23","MITSUBISHI","MITSUBISHI SUPER GREAT","2007","FV50JY","Dump","F7","12880","OTHER","3","","0","705000","#ff9c33"
"1854","arai aa oyama v/t","2026-02-07","16:23","ISUZU","ISUZU ELF","1990","NPR58LVN","Gila","F5","3700","WHITE","144000","2","0","0","#000000"
"82177","arai aa oyama v/t","2026-02-07","16:23","HINO","HINO DUTRO","","I","NO DUTRO
0 XZU508M
ｼｬ-ｼ","IAT","4000","OTHER","166000","0","0","235000","#ff9c33"
"4541","arai aa oyama v/t","2026-02-07","16:22","MITSUBISHI","MITSUBISHI SUPER GREAT","2008","FU54JZ","Gila . Aluminum B","ﾄｸS","12880","RED","2","","0","1110000","#ff9c33"
"82188","arai aa oyama v/t","2026-02-07","16:22","ISUZU","ISUZU ELF","2019","NPR85AN","Low -ﾀﾞ","F6","2990","OTHER","25000","0","0","0","#000000"
"1852","arai aa oyama v/t","2026-02-07","16:22","ISUZU","ISUZU ELF","","S","UZU ELF
0 TLD66D
Dump","MT","3260","OTHER","76000","3.5","0","0","#000000"
"1881","arai aa oyama v/t","2026-02-07","16:22","TOYOTA","TOYOTA LITE ACE TRUCK","2003","KM75","Gila","C5","1780","WHITE","151000","3","0","0","#000000"
"1880","arai aa oyama v/t","2026-02-07","16:22","HINO","HINO DUTRO","2001","XZU342M","Gila . Crane","F5","4610","OTHER","197000","3.5","0","0","#000000"
"82176","arai aa oyama v/t","2026-02-07","16:22","TOYOTA","TOYOTA OTHER","2007","KDY231","Gila","5ｿｸ","2980","OTHER","214000","0","0","0","#000000"
"82186","arai aa oyama v/t","2026-02-07","16:22","ISUZU","ISUZU ELF","2020","NPR88AN","ﾚｲｿﾞｳﾚｲﾄｳ","ﾄｸS","2990","OTHER","360000","0","0","940000","#eed649"
"82175","arai aa oyama v/t","2026-02-07","16:22","NISSAN","NISSAN ATLAS","1999","APR71PV","Low -ﾀﾞ","F6","4570","WHITE","423000","0","0","0","#000000"
"4578","arai aa oyama v/t","2026-02-07","16:22","HINO","HINO PROFIA","2016","FS1AWEA","Dump","ﾄｸS","8860","OTHER","753000","3","0","0","#000000"
"4573","arai aa oyama v/t","2026-02-07","16:22","HINO","HINO PROFIA","2016","SH1EDDG","Tractor","F7","12910","OTHER","989000","3.5","0","2152000","#eed649"
"59002","arai aa oyama v/t","2026-02-07","16:21","ISUZU","ISUZU ELF","2008","NMR85AN","ｼﾞﾝ Key","F6","3000","WHITE","230000","R","0","779000","#51b0df"
"82173","arai aa oyama v/t","2026-02-07","16:21","MITSUBISHI","MITSUBISHI CANTER","2016","FEB80","ｼｬ-ｼ","ﾄｸS","2990","OTHER","456000","0","0","315000","#ff9c33"
"1879","arai aa oyama v/t","2026-02-07","16:21","TOYOTA","TOYOTA DYNA","1991","BU66D","","MT","3660","OTHER","521000","R","0","1395000","#ff9c33"
"1850","arai aa oyama v/t","2026-02-07","16:21","ISUZU","ISUZU ELF","2015","NMS85AN","ﾚｲｿﾞｳﾚｲﾄｳ","F5","2990","OTHER","583000","3.5","0","511000","#eed649"
"4576","arai aa oyama v/t","2026-02-07","16:21","NISSAN","NISSAN QUON","2011","CG5ZL","Gila .ｾﾙﾌ Crane 4 Dan","F7","10830","OTHER","622000","3","0","0","#000000"
"1848","arai aa oyama v/t","2026-02-07","16:21","MITSUBISHI","MITSUBISHI CANTER","2011","FE83DY","Aluminum Van","I5","4890","OTHER","652000","3","0","0","#000000"
"82182","arai aa oyama v/t","2026-02-07","16:20","ISUZU","ISUZU ELF","2021","NJR88A","Gila","ﾄｸS","2990","OTHER","98000","0","0","510000","#eed649"
"82167","arai aa oyama v/t","2026-02-07","16:20","ISUZU","ISUZU ELF","2019","NJR85AD","Dump","ﾄｸS","2990","OTHER","276000","0","0","0","#000000"
"82170","arai aa oyama v/t","2026-02-07","16:20","MITSUBISHI","MITSUBISHI CANTER","2005","FE70DB","Gila","F5","4890","OTHER","296000","0","0","0","#000000"
"82172","arai aa oyama v/t","2026-02-07","16:20","MITSUBISHI","MITSUBISHI CANTER","2017","FDA20","ｼｬ-ｼ","ﾄｸS","2990","OTHER","296000","0","0","345000","#ff9c33"
"82171","arai aa oyama v/t","2026-02-07","16:20","MITSUBISHI","MITSUBISHI CANTER","2013","FGA20","ﾚｲｿﾞｳﾚｲﾄｳ","ﾄｸS","2990","OTHER","387000","0","0","270000","#eed649"
"4564","arai aa oyama v/t","2026-02-07","16:20","ISUZU","ISUZU GIGA","2007","CXZ51K6","DUMP","F7","14250","ACTUAL VEHICLE","808000","3","0","1382000","#51b0df"
"1839","arai aa oyama v/t","2026-02-07","16:19","ISUZU","ISUZU ELF","2018","NJR85AD","Dump","F5","0","WHITE","99000","R","0","0","#000000"
"82168","arai aa oyama v/t","2026-02-07","16:19","TOYOTA","TOYOTA OTHER","2008","XZU354H","ｺｳｼｮｻ Key ﾞｮｳ","F5","4000","OTHER","131000","0","0","0","#000000"
"82165","arai aa oyama v/t","2026-02-07","16:19","ISUZU","ISUZU ELF","2012","NPR85AN","ｼｬ-ｼ","F6","3000","WHITE","160000","0","0","455000","#eed649"
"1844","arai aa oyama v/t","2026-02-07","16:19","ISUZU","ISUZU ELF","1998","NKR66EA","Gila","F5","4330","OTHER","468000","R","0","0","#000000"
"82180","arai aa oyama v/t","2026-02-07","16:19","ISUZU","ISUZU ELF","2014","NMR85AN","Aluminum Van","F6","2990","OTHER","598000","0","0","369000","#51b0df"
"4562","arai aa oyama v/t","2026-02-07","16:19","ISUZU","ISUZU GIGA","2012","CXZ77AT","DUMP","F7","9830","ACTUAL VEHICLE","717000","3.5","0","2002000","#51b0df"
"4535","arai aa oyama v/t","2026-02-07","16:19","ISUZU","ISUZU GIGA","2015","CXZ77AT","DUMP","F7","9830","ACTUAL VEHICLE","881000","3","0","2898000","#eed649"
"82169","arai aa oyama v/t","2026-02-07","16:19","MITSUBISHI","MITSUBISHI CANTER","1998","FE638E","Gila","F6","4560","OTHER","988000","0","0","0","#000000"
"4563","arai aa oyama v/t","2026-02-07","16:18","HINO","HINO PROFIA","2011","FW1EXBG","Aluminum ｳｲﾝｸﾞ","ﾄｸS","12910","OTHER","0","","0","802000","#eed649"
"1835","arai aa oyama v/t","2026-02-07","16:18","MITSUBISHI","MITSUBISHI CANTER","2008","FE72B","WCab","I5","3000","OTHER","129000","R","0","0","#000000"
"1837","arai aa oyama v/t","2026-02-07","16:18","MAZDA","MAZDA TITAN","2000","WHF5D","Dump","F5","4020","OTHER","251000","R","0","771000","#ff9c33"
"1842","arai aa oyama v/t","2026-02-07","16:18","MITSUBISHI","MITSUBISHI CANTER","2011","FEB90","ﾀﾝｸ","I5","2990","OTHER","313000","3.5","0","714000","#51b0df"
"4533","arai aa oyama v/t","2026-02-07","16:18","ISUZU","ISUZU GIGA","2014","CYJ77A","CHILLING REFRIGERATOR WING","F7","9830","ACTUAL VEHICLE","650000","3","0","1668000","#73aa00"
"4572","arai aa oyama v/t","2026-02-07","16:18","HINO","HINO PROFIA","2007","FS1EPYA","ｺﾝﾃﾅｾﾝﾖｳｱ-ﾑ Low -ﾙ","F7","12910","OTHER","787000","3","0","1600000","#eed649"
"4560","arai aa oyama v/t","2026-02-07","16:18","ISUZU","ISUZU GIGA","2005","EXD52D3","TRACTOR HEAD","F7","15680","ACTUAL VEHICLE","886000","3","0","2630000","#ff9c33"
"1868","arai aa oyama v/t","2026-02-07","16:17","TOYOTA","TOYOTA TOWN ACE TRUCK","2019","S402U","Gila","IAT","1500","OTHER","35000","R","0","0","#000000"
"82164","arai aa oyama v/t","2026-02-07","16:17","MITSUBISHI","MITSUBISHI CANTER","2015","FGA20","ｼｬ-ｼ","ﾄｸS","2990","OTHER","205000","0","0","235000","#ff9c33"
"1833","arai aa oyama v/t","2026-02-07","16:17","MITSUBISHI","MITSUBISHI CANTER","2005","FE71BBD","Dump","I5","2970","OTHER","231000","R","0","697000","#eed649"
"82161","arai aa oyama v/t","2026-02-07","16:17","ISUZU","ISUZU ELF","1995","NPR66LVN","","MT","4330","OTHER","459000","0","0","0","#000000"
"82163","arai aa oyama v/t","2026-02-07","16:16","NISSAN","NISSAN ATLAS","1996","SN6F23","Gila","F5","2490","OTHER","123000","0","0","0","#000000"
"1838","arai aa oyama v/t","2026-02-07","16:16","ISUZU","ISUZU ELF","1987","NKR58LR","Gila . Crane 3 Dan","F5","3630","OTHER","136000","R","0","0","#000000"
"4531","arai aa oyama v/t","2026-02-07","16:16","ISUZU","ISUZU GIGA","1997","CYM81V2W","ALUMINIUM WING","MT","19000","ACTUAL VEHICLE","144000","R","0","0","#000000"
"82162","arai aa oyama v/t","2026-02-07","16:16","MITSUBISHI","MITSUBISHI CANTER","1996","FG507BD","Dump","F5","4210","OTHER","193000","0","0","0","#000000"
"82157","arai aa oyama v/t","2026-02-07","16:16","ISUZU","ISUZU ELF","2013","NJS85AN","ﾚｲｿﾞｳﾚｲﾄｳ","ﾄｸS","2990","OTHER","374000","0","0","0","#000000"
"4559","arai aa oyama v/t","2026-02-07","16:16","NISSAN","NISSAN QUON","2016","GK5XAB","Tractor","ﾄｸS","10830","OTHER","783000","3","0","1230000","#eed649"
"1829","arai aa oyama v/t","2026-02-07","16:15","MITSUBISHI","MITSUBISHI CANTER","1995","FE638E","Gila . Crane 4 Dan","F5","4560","OTHER","24000","3.5","0","0","#000000"
"82159","arai aa oyama v/t","2026-02-07","16:15","MITSUBISHI","MITSUBISHI CANTER","1988","FE300Bｶｲ","","F5","2650","OTHER","89000","0","0","0","#000000"
"1865","arai aa oyama v/t","2026-02-07","16:15","HINO","HINO DUTRO","2004","XZU312T","Dump","F5","4610","OTHER","89000","3","0","0","#000000"
"82155","arai aa oyama v/t","2026-02-07","16:15","ISUZU","ISUZU ELF","2011","NLR85AN","ﾚｲｿﾞｳﾚｲﾄｳ","F5","3000","OTHER","346000","0","0","280000","#ff9c33"
"4566","arai aa oyama v/t","2026-02-07","16:15","HINO","HINO RANGER","2012","FE7JKAA","Gila","F6","6400","OTHER","564000","3","0","0","#000000"
"4529","arai aa oyama v/t","2026-02-07","16:15","ISUZU","ISUZU GIGA","2015","CYJ77A","ALUMINIUM WING","..S","9830","ACTUAL VEHICLE","932000","3.5","0","1938000","#73aa00"
"4527","arai aa oyama v/t","2026-02-07","16:14","MITSUBISHI","MITSUBISHI SUPER GREAT","2000","FT50JLX","ﾀﾝｸ","F6","12880","WHITE","3","","0","0","#000000"
"1827","arai aa oyama v/t","2026-02-07","16:14","MITSUBISHI","MITSUBISHI CANTER","2006","FE73DB","Gila","I5","4900","OTHER","86000","3","0","525000","#eed649"
"1832","arai aa oyama v/t","2026-02-07","16:14","ISUZU","ISUZU ELF","2006","NKR81A","Gila","ﾄｸS","4770","OTHER","182000","R","0","410000","#51b0df"
"4557","arai aa oyama v/t","2026-02-07","16:14","NISSAN","NISSAN QUON","2012","GK5XAB","Tractor","ﾄｸS","10830","OTHER","612000","R","0","0","#000000"
"82166","arai aa oyama v/t","2026-02-07","16:13","ISUZU","ISUZU ELF","2007","NJR85A","Gila","ﾄｸS","2990","OTHER","0","","0","0","#000000"
"1861","arai aa oyama v/t","2026-02-07","16:13","NISSAN","NISSAN ATLAS","2012","TZ2F24","Gila","F6","2950","OTHER","147000","3.5","0","0","#000000"
"82151","arai aa oyama v/t","2026-02-07","16:13","ISUZU","ISUZU ELF","2010","NHR85A","WCab","ﾄｸS","3000","OTHER","272000","0","0","295000","#ff9c33"
"4553","arai aa oyama v/t","2026-02-07","16:12","NISSAN","NISSAN QUON","2015","GK5XAB","Tractor","ﾄｸS","10830","OTHER","3","","0","0","#000000"
"1823","arai aa oyama v/t","2026-02-07","16:12","ISUZU","ISUZU ELF","2012","NPR85AN","ﾚｲｿﾞｳﾚｲﾄｳ","F6","2990","OTHER","3","","0","972000","#73aa00"
"1856","arai aa oyama v/t","2026-02-07","16:12","NISSAN","NISSAN OTHER","1992","PGJC22","Gila","F5","1500","OTHER","54000","3.5","0","0","#000000"
"1821","arai aa oyama v/t","2026-02-07","16:12","MAZDA","MAZDA TITAN","1991","WGLAD","Dump","F5","3450","OTHER","79000","R","0","950000","#eed649"
"82153","arai aa oyama v/t","2026-02-07","16:12","NISSAN","NISSAN TRUCK","2003","SR8F23","Gila","F5","3150","OTHER","298000","0","0","0","#000000"
"1828","arai aa oyama v/t","2026-02-07","16:12","ISUZU","ISUZU ELF","2019","NPR88N","Panel Van","ﾄｸS","2990","OTHER","676000","3","0","1042000","#51b0df"
"82154","arai aa oyama v/t","2026-02-07","16:12","MITSUBISHI","MITSUBISHI CANTER","2013","FEB90","Gila","I6","30000","OTHER","770000","0","0","731000","#51b0df"
"4523","arai aa oyama v/t","2026-02-07","16:12","MITSUBISHI","MITSUBISHI SUPER GREAT","2016","FU64VZ","Aluminum ｳｲﾝｸﾞ","ﾄｸS","12800","OTHER","912000","3","0","1945000","#51b0df"
"82160","arai aa oyama v/t","2026-02-07","16:11","ISUZU","ISUZU ELF","2018","NKR85AD","Dump","ﾄｸS","2990","OTHER","64000","0","0","0","#000000"
"82150","arai aa oyama v/t","2026-02-07","16:11","TOYOTA","TOYOTA DYNA","2004","XZU301E","ﾀﾝｸ","F5","4890","OTHER","150000","0","0","0","#000000"
"1826","arai aa oyama v/t","2026-02-07","16:11","MAZDA","MAZDA TITAN","1991","WGLAN","Dump","F5","3450","OTHER","172000","R","0","1795000","#ff9c33"
"82152","arai aa oyama v/t","2026-02-07","16:11","MITSUBISHI","MITSUBISHI CANTER","2002","FE63ECY","ﾊﾞ Key ｭ-ﾑ","F6","5240","OTHER","372000","0","0","0","#000000"
"1855","arai aa oyama v/t","2026-02-07","16:11","TOYOTA","TOYOTA DYNA","1997","BU107","WCab","FAT","4100","OTHER","420000","3","0","0","#000000"
"4548","arai aa oyama v/t","2026-02-07","16:11","MITSUBISHI","MITSUBISHI SUPER GREAT","2003","FS54JVZ","Gila . Aluminum B","F7","12880","OTHER","449000","3","0","1250000","#ff9c33"
"4551","arai aa oyama v/t","2026-02-07","16:11","NISSAN","NISSAN TRUCK","2001","CW55XHUD","Dump","F7","21200","OTHER","480000","R","0","0","#000000"
"1824","arai aa oyama v/t","2026-02-07","16:10","MITSUBISHI","MITSUBISHI CANTER","2000","FE63DGX","Low -ﾀﾞ","F6","4900","OTHER","257000","RB","0","0","#000000"
"82158","arai aa oyama v/t","2026-02-07","16:10","ISUZU","ISUZU ELF","2013","NJR85A","Gila","MT","3000","OTHER","257000","1","0","380000","#ff9c33"
"1817","arai aa oyama v/t","2026-02-07","16:10","MITSUBISHI","MITSUBISHI CANTER","2016","FEB50","ｼｬ-ｼ","MT","3000","OTHER","458000","3","0","619000","#73aa00"
"82149","arai aa oyama v/t","2026-02-07","16:10","MITSUBISHI","MITSUBISHI CANTER","2016","FEB50","Aluminum Van","MT","2990","OTHER","468000","0","0","310000","#51b0df"
"4549","arai aa oyama v/t","2026-02-07","16:10","HINO","HINO PROFIA","2008","GN1APYA","ﾀﾝｸ","F7","8860","OTHER","859000","3","0","0","#000000"
"4544","arai aa oyama v/t","2026-02-07","16:09","MITSUBISHI","MITSUBISHI SUPER GREAT","2007","FU54JZ","Aluminum ｳｲﾝｸﾞ","F7","12880","OTHER","23000","R","0","0","#000000"
"1820","arai aa oyama v/t","2026-02-07","16:09","ISUZU","ISUZU ELF","2015","NHR85AN","Gila","ﾄｸS","3000","OTHER","59000","R","0","0","#000000"
"1815","arai aa oyama v/t","2026-02-07","16:09","MITSUBISHI","MITSUBISHI CANTER","1995","FE638F","Gila","F6","4560","OTHER","61000","3.5","0","0","#000000"
"82143","arai aa oyama v/t","2026-02-07","16:09","ISUZU","ISUZU ELF","2016","NKR85AD","Dump","MT","2990","OTHER","67000","0","0","0","#000000"
"1822","arai aa oyama v/t","2026-02-07","16:09","ISUZU","ISUZU ELF","2007","NHS69AN","Van","FAT","3050","OTHER","261000","3.5","0","0","#000000"
"82147","arai aa oyama v/t","2026-02-07","16:09","MITSUBISHI","MITSUBISHI CANTER","1991","FE317BD","Dump","F5","4210","OTHER","272000","0","0","0","#000000"
"82156","arai aa oyama v/t","2026-02-07","16:09","ISUZU","ISUZU ELF","2006","NPR81AR","Gila","F6","4770","OTHER","337000","0","0","450000","#ff9c33"
"82146","arai aa oyama v/t","2026-02-07","16:09","MITSUBISHI","MITSUBISHI CANTER","1995","FE649E","Gila . Aluminum B","F6","3900","OTHER","466000","0","0","0","#000000"
"4556","arai aa oyama v/t","2026-02-07","16:09","HINO","HINO RANGER","2009","FG8JMWA","ﾚｲｿﾞｳﾚｲﾄｳ","F6","7680","OTHER","635000","2","0","0","#000000"
"4517","arai aa oyama v/t","2026-02-07","16:09","ISUZU","ISUZU GIGA","2011","CXZ77AT","DUMP","F7","9830","ACTUAL VEHICLE","851000","3","0","0","#000000"
"1846","arai aa oyama v/t","2026-02-07","16:08","TOYOTA","TOYOTA OTHER","1988","LH85","Gila","F5","2440","OTHER","36000","3.5","0","0","#000000"
"1818","arai aa oyama v/t","2026-02-07","16:08","ISUZU","ISUZU ELF","2003","NKR81ED","Dump","F5","4770","OTHER","95000","3.5","0","975000","#ff9c33"
"1813","arai aa oyama v/t","2026-02-07","16:08","ISUZU","ISUZU ELF","2009","NMR85N","ﾚｲｿﾞｳﾚｲﾄｳ","ﾄｸS","2990","OTHER","190000","B","0","0","#000000"
"82144","arai aa oyama v/t","2026-02-07","16:08","MAZDA","MAZDA TITAN","2014","LHR85A","Gila","F5","2990","OTHER","247000","0","0","0","#000000"
"82145","arai aa oyama v/t","2026-02-07","16:08","MITSUBISHI","MITSUBISHI CANTER","2004","FE70EB","Gila . Aluminum B","I5","5240","OTHER","547000","0","0","285000","#eed649"
"1847","arai aa oyama v/t","2026-02-07","16:07","HINO","HINO DUTRO","2012","XZU620T","Dump","MT","4000","OTHER","105000","3.5","0","1836000","#eed649"
"82142","arai aa oyama v/t","2026-02-07","16:07","MITSUBISHI","MITSUBISHI CANTER","2011","FBA60","Dump","ﾄｸS","2990","OTHER","144000","0","0","525000","#ff9c33"
"4552","arai aa oyama v/t","2026-02-07","16:07","HINO","HINO TRUCK","2010","FS1AKXA","ﾐ Key ｻ","F7","8860","OTHER","186000","3.5","0","0","#000000"
"4540","arai aa oyama v/t","2026-02-07","16:07","MITSUBISHI","MITSUBISHI SUPER GREAT","1999","FV502UZ","Aluminum ｳｲﾝｸﾞ","F7","0","OTHER","266000","RB","0","1610000","#eed649"
"1816","arai aa oyama v/t","2026-02-07","16:07","ISUZU","ISUZU ELF","2013","NJS85A","Gila","F5","2990","OTHER","339000","3","0","0","#000000"
"1811","arai aa oyama v/t","2026-02-07","16:07","ISUZU","ISUZU ELF","2011","NJS85A","Gila","F5","2990","OTHER","391000","3","0","0","#000000"
"4491","arai aa oyama v/t","2026-02-07","16:07","ISUZU","ISUZU TRUCK","2006","CXZ51K6","ﾐ Key ｻ","F7","9830","OTHER","485000","3","0","1414000","#51b0df"
"4515","arai aa oyama v/t","2026-02-07","16:07","ISUZU","ISUZU GIGA","2007","EXZ52J6","TRACTOR HEAD","HL8","15680","ACTUAL VEHICLE","650000","3","0","0","#000000"
"1845","arai aa oyama v/t","2026-02-07","16:06","TOYOTA","TOYOTA TOYOACE","2017","XZC605","Gila","FAT","4000","OTHER","34000","R","0","0","#000000"
"1843","arai aa oyama v/t","2026-02-07","16:06","HINO","HINO DUTRO","2010","XZU424M","ｺｳｼｮｻ Key ﾞｮｳ","F6","4000","OTHER","42000","R","0","0","#000000"
"62057","arai aa oyama v/t","2026-02-07","16:06","ISUZU","ISUZU ELF","2006","NKR81AN","ﾚｯｶ","F5","4770","OTHER","67000","3.5","0","1047000","#51b0df"
"1807","arai aa oyama v/t","2026-02-07","16:06","ISUZU","ISUZU ELF","2006","NPR81AR","Gila .ﾎ Low","F6","4770","OTHER","228000","R","0","0","#000000"
"62059","arai aa oyama v/t","2026-02-07","16:06","ISUZU","ISUZU ELF","2007","NJR85A","Gila","F5","3000","WHITE","288000","3.5","0","417000","#73aa00"
"82141","arai aa oyama v/t","2026-02-07","16:06","MITSUBISHI","MITSUBISHI CANTER","2005","FD70BB","Gila","MT","3000","OTHER","306000","0","0","0","#000000"
"82140","arai aa oyama v/t","2026-02-07","16:06","TOYOTA","TOYOTA DYNA","2004","XZU351D","Dump","FAT","4890","OTHER","426000","R","0","402000","#eed649"
"4550","arai aa oyama v/t","2026-02-07","16:06","NISSAN","NISSAN UD SERIES","2012","CW5ZL","Dump","F7","10830","OTHER","783000","3","0","4785000","#ff9c33"
"82139","arai aa oyama v/t","2026-02-07","16:06","NISSAN","NISSAN CONDOR","2015","MK38L","Gila . Crane","F6","4670","","797000","0","0","0","#000000"
"4543","arai aa oyama v/t","2026-02-07","16:06","NISSAN","NISSAN UD SERIES","2017","GK5XAD","Tractor","ﾄｸS","10830","OTHER","799000","3","0","0","#000000"
"1814","arai aa oyama v/t","2026-02-07","16:06","MITSUBISHI","MITSUBISHI CANTER","2007","FE73DEY","Gila . Crane 4 Dan","I5","4900","OTHER","915000","3","0","0","#000000"
"82137","arai aa oyama v/t","2026-02-07","16:05","HINO","HINO PROFIA","2016","SH1EDDG","Tractor","F7","12910","OTHER","0","","0","2310000","#ff9c33"
"59004","arai aa oyama v/t","2026-02-07","16:05","MAZDA","MAZDA TITAN","2012","LHS85A","WCab PG","F5","2990","WHITE","29000","R","0","0","#000000"
"1812","arai aa oyama v/t","2026-02-07","16:05","MITSUBISHI","MITSUBISHI CANTER","2004","FB700B","Gila","I5","2000","OTHER","125000","3.5","0","449000","#51b0df"
"1841","arai aa oyama v/t","2026-02-07","16:05","NISSAN","NISSAN ATLAS","2003","SH2F23","Gila","F5","2000","WHITE","162000","3","0","156000","#ff9c33"
"82148","arai aa oyama v/t","2026-02-07","16:05","ISUZU","ISUZU ELF","","S","UZU ELF
0 NPR88AN","ﾄｸS","0","OTHER","240000","0","0","0","#000000"
"1840","arai aa oyama v/t","2026-02-07","16:05","HINO","HINO DUTRO","2004","XZU368M","Gila .ﾎ Low","F5","4000","OTHER","241000","3","0","0","#000000"
"4511","arai aa oyama v/t","2026-02-07","16:05","MITSUBISHI","MITSUBISHI FUSO FIGHTER","2019","FQ62F","ｶﾁｸｳﾝﾊﾟﾝｼｬ","F6","7540","OTHER","515000","3.5","0","0","#000000"
"82138","arai aa oyama v/t","2026-02-07","16:05","MITSUBISHI","MITSUBISHI SUPER GREAT","2015","FP64VDR","Tractor","F7","12800","OTHER","822000","0","0","0","#000000"
"82135","arai aa oyama v/t","2026-02-07","16:04","MITSUBISHI","MITSUBISHI SUPER GREAT","2015","FS64VZ","ｼｬ-ｼ","ﾄｸS","12800","OTHER","0","","0","1025000","#ff9c33"
"59003","arai aa oyama v/t","2026-02-07","16:04","MITSUBISHI","MITSUBISHI CANTER","2014","FBA20","Panel Van","I5","3000","WHITE","100000","R","0","348000","#ff9c33"
"4539","arai aa oyama v/t","2026-02-07","16:04","HINO","HINO PROFIA","2004","FW1EXWJ","ｼｬ-ｼ","ﾄｸS","13000","OTHER","301000","3","0","835000","#ff9c33"
"82136","arai aa oyama v/t","2026-02-07","16:04","HINO","HINO TRUCK","2006","SH1EDJG","Tractor","F7","12910","OTHER","409000","0","0","0","#000000"
"4546","arai aa oyama v/t","2026-02-07","16:04","NISSAN","NISSAN TRUCK","2001","CW55XUD","Dump","F7","21220","OTHER","871000","R","0","0","#000000"
"4509","arai aa oyama v/t","2026-02-07","16:04","MITSUBISHI","MITSUBISHI SUPER GREAT","2014","FP54VDR","Tractor -ｾｯﾄｾﾐﾄﾚ-ﾗ","F7","12800","OTHER","989000","R","0","1643000","#eed649"
"4537","arai aa oyama v/t","2026-02-07","16:03","HINO","HINO PROFIA","2017","SH1EDDG","Tractor","F7","12910","OTHER","0","","0","2975000","#ff9c33"
"82134","arai aa oyama v/t","2026-02-07","16:03","NISSAN","NISSAN BIGTHUMB","2005","CD48A","ﾀﾝｸ","MT","13070","OTHER","0","","0","0","#000000"
"82133","arai aa oyama v/t","2026-02-07","16:03","HINO","HINO PROFIA","1994","FS1FKBD","Dump","F6","16740","OTHER","105000","0","0","0","#000000"
"1806","arai aa oyama v/t","2026-02-07","16:03","ISUZU","ISUZU ELF","2000","NHS69EA","WCab","F5","0","WHITE","186000","R","0","575000","#ff9c33"
"59001","arai aa oyama v/t","2026-02-07","16:03","MITSUBISHI","MITSUBISHI CANTER","2013","FEB80","Panel Van","ﾄｸS","3000","WHITE","231000","2","0","1675000","#ff9c33"
"1834","arai aa oyama v/t","2026-02-07","16:03","TOYOTA","TOYOTA TOYOACE","2016","XZC655","Gila .ﾎ Low","FAT","4000","OTHER","244000","3.5","0","730000","#ff9c33"
"1836","arai aa oyama v/t","2026-02-07","16:03","HINO","HINO DUTRO","2011","XZU308M","WCab . Crane","AT","4000","OTHER","281000","3","0","0","#000000"
"1808","arai aa oyama v/t","2026-02-07","16:03","MITSUBISHI","MITSUBISHI CANTER","2006","FE73DB","Aluminum Van","I5","4890","OTHER","526000","3","0","662000","#73aa00"
"82131","arai aa oyama v/t","2026-02-07","16:02","MITSUBISHI","MITSUBISHI FUSO FIGHTER","2011","FQ62F","ｼｬ-ｼ","F6","7540","OTHER","0","","0","710000","#ff9c33"
"48004","arai aa oyama v/t","2026-02-07","16:02","MITSUBISHI","MITSUBISHI ROSA","2016","BE640G","ﾊﾞｽ","ﾄｸS","3000","OTHER","105000","3.5","0","2030000","#ff9c33"
"82132","arai aa oyama v/t","2026-02-07","16:02","NISSAN","NISSAN TRUCK","1999","CK521EHTｶｲ","Tractor","MT","17990","OTHER","248000","0","0","0","#000000"
"1804","arai aa oyama v/t","2026-02-07","16:02","ISUZU","ISUZU ELF","2005","NKR81AN","Aluminum Van","F5","4770","OTHER","382000","3","0","502000","#73aa00"
"4532","arai aa oyama v/t","2026-02-07","16:02","ISUZU","ISUZU GIGA","2006","CYY77V6J","COMMON. ALUMINIUM B","F7","9830","ACTUAL VEHICLE","439000","2","0","0","#000000"
"1830","arai aa oyama v/t","2026-02-07","16:01","HINO","HINO DUTRO","2001","XZU350E","ｺｳｼｮｻ Key ﾞｮｳ","F5","5300","OTHER","231000","3","0","0","#000000"
"1802","arai aa oyama v/t","2026-02-07","16:01","ISUZU","ISUZU ELF","2015","NPR85AN","ﾚｲﾄｳ","6ｿｸ","2990","OTHER","366000","3.5","0","1367000","#73aa00"
"4542","arai aa oyama v/t","2026-02-07","16:01","HINO","HINO TRUCK","2006","FR1EXYG","ｼｬ-ｼ","F7","12910","OTHER","485000","R","0","0","#000000"
"82129","arai aa oyama v/t","2026-02-07","16:01","MITSUBISHI","MITSUBISHI FUSO FIGHTER","2017","FK72FY","","F6","7540","WHITE","536000","0","0","0","#000000"
"82128","arai aa oyama v/t","2026-02-07","16:01","HINO","HINO RANGER","2018","FD2ABG","ﾚｲｿﾞｳﾚｲﾄｳ","F6","5120","OTHER","931000","0","0","1385000","#ff9c33"
"1800","arai aa oyama v/t","2026-02-07","16:00","MITSUBISHI","MITSUBISHI CANTER","2002","FE53EB","ﾎｳｿｳﾁｭｳｹｲｼｬ","F5","5240","OTHER","57000","3.5","0","410000","#ff9c33"
"82126","arai aa oyama v/t","2026-02-07","16:00","MITSUBISHI","MITSUBISHI FUSO FIGHTER","2008","FK71R","ｼﾞﾝ Key","F6","4890","OTHER","318000","0","0","0","#000000"
"1831","arai aa oyama v/t","2026-02-07","16:00","NISSAN","NISSAN ATLAS","2008","APR85AR","Gila","F6","2990","OTHER","518000","3","0","0","#000000"
"82127","arai aa oyama v/t","2026-02-07","16:00","HINO","HINO RANGER","2005","FE7JGWA","ｼｬ-ｼ","F6","6400","OTHER","810000","0","0","0","#000000"
"4528","arai aa oyama v/t","2026-02-07","16:00","ISUZU","ISUZU GIGA","2009","CXZ77K8","DUMP","F7","9830","ACTUAL VEHICLE","933000","2","0","0","#000000"
"4526","arai aa oyama v/t","2026-02-07","15:59","MITSUBISHI","MITSUBISHI SUPER GREAT","2012","FU54VZ","Aluminum ｳｲﾝｸﾞ","F7","12800","OTHER","3","","0","1287000","#51b0df"
"4501","arai aa oyama v/t","2026-02-07","15:59","ISUZU","ISUZU GIGA","2006","EXD52G6","TRACTOR SET JET TANKER SEMI TO","F7","15680","ACTUAL VEHICLE","35","","0","0","#000000"
"65005","arai aa oyama v/t","2026-02-07","15:59","NISSAN","NISSAN ATLAS","2003","SH2F23","Gila","F5","1990","WHITE","33000","0","0","0","#000000"
"1791","arai aa oyama v/t","2026-02-07","15:59","MITSUBISHI","MITSUBISHI CANTER","1990","FE437F","ｾ Key ｻｲ. Crane 3 Dan","F5","4210","WHITE","96000","B","0","0","#000000"
"82124","arai aa oyama v/t","2026-02-07","15:59","HINO","HINO RANGER","2008","FD7JEWA","ｼﾞﾝ Key","MT","6400","OTHER","237000","0","0","0","#000000"
"82125","arai aa oyama v/t","2026-02-07","15:59","HINO","HINO RANGER","2007","FD7JLWA","Aluminum ｳｲﾝｸﾞ","F6","6400","WHITE","740000","0","0","795000","#eed649"
"4538","arai aa oyama v/t","2026-02-07","15:59","HINO","HINO PROFIA","2017","SH1EDDG","Tractor","ﾄｸS","12910","OTHER","961000","3.5","0","1773000","#eed649"
"1825","arai aa oyama v/t","2026-02-07","15:58","HINO","HINO DUTRO","2011","XZU344M","Gila . Crane 4 Dan","F6","4000","OTHER","94000","3","0","1299000","#ff9c33"
"1789","arai aa oyama v/t","2026-02-07","15:58","MAZDA","MAZDA TITAN","1990","WGLAFｶｲ","","F5","3450","OTHER","124000","2","0","0","#000000"
"4524","arai aa oyama v/t","2026-02-07","15:58","ISUZU","ISUZU GIGA","2015","CYJ77A","ALUMINIUM WING","F7","9830","ACTUAL VEHICLE","216000","3","0","1555000","#73aa00"
"82123","arai aa oyama v/t","2026-02-07","15:58","MITSUBISHI","MITSUBISHI MINIYON","1998","FH228G","ｺﾝﾃﾅｾﾝﾖｳ","F6","8200","OTHER","218000","0","0","0","#000000"
"82122","arai aa oyama v/t","2026-02-07","15:58","HINO","HINO RANGER","2006","FE7JLWA","Gila","F6","6400","OTHER","457000","0","0","0","#000000"
"4536","arai aa oyama v/t","2026-02-07","15:58","NISSAN","NISSAN BIGTHUMB","2004","CW542GHT","Tractor","ﾄｸS","16990","SPECIFIED COLOR","629000","3.5","0","0","#000000"
"4499","arai aa oyama v/t","2026-02-07","15:58","ISUZU","ISUZU GIGA","2007","CXZ77K8","DUMP","F7","9830","ACTUAL VEHICLE","710000","R","0","0","#000000"
"82119","arai aa oyama v/t","2026-02-07","15:57","HINO","HINO PROFIA","2017","FW1EXEJ","ｼｬ-ｼ","F7","12910","WHITE","0","","0","0","#000000"
"1787","arai aa oyama v/t","2026-02-07","15:57","MITSUBISHI","MITSUBISHI CANTER","2012","FBA20","Aluminum Van","ﾄｸS","3000","WHITE","106000","3","0","0","#000000"
"65001","arai aa oyama v/t","2026-02-07","15:57","MITSUBISHI","MITSUBISHI CANTER","2016","FEA20","Panel Van","ﾄｸS","2990","WHITE","151000","0","0","355000","#ff9c33"
"4534","arai aa oyama v/t","2026-02-07","15:57","NISSAN","NISSAN UD SERIES","2013","CW5XL","Dump","HL6","10830","OTHER","738000","R","0","0","#000000"
"82121","arai aa oyama v/t","2026-02-07","15:57","MITSUBISHI","MITSUBISHI SUPER GREAT","2001","FY50MNY","ｾ Key ｻｲ. Crane 4 Dan","MT","0","OTHER","821000","0","0","0","#000000"
"82120","arai aa oyama v/t","2026-02-07","15:57","NISSAN","NISSAN TRUCK","2008","CW4XL","Dump","F7","13070","OTHER","887000","0","0","0","#000000"
"4525","arai aa oyama v/t","2026-02-07","15:56","HINO","HINO PROFIA","2010","FW1EXYG","Aluminum ｳｲﾝｸﾞ","ﾄｸS","12910","OTHER","3","","0","925000","#eed649"
"62075","arai aa oyama v/t","2026-02-07","15:56","MITSUBISHI","MITSUBISHI SUPER GREAT","2017","FV60VY","Dump","F7","12800","YELLOW","396000","3.5","0","0","#000000"
"82117","arai aa oyama v/t","2026-02-07","15:56","MITSUBISHI","MITSUBISHI SUPER GREAT","2014","FV54VZ","ｼｬ-ｼ","MT","12800","OTHER","842000","0","0","0","#000000"
"82118","arai aa oyama v/t","2026-02-07","15:56","HINO","HINO PROFIA","2017","FW1EXEG","ﾚｲｿﾞｳﾚｲﾄｳ","F7","12910","WHITE","887000","0","0","797000","#51b0df"
"82115","arai aa oyama v/t","2026-02-07","15:55","MITSUBISHI","MITSUBISHI SUPER GREAT","2009","FU5OJZ","ﾌﾝﾘｭｳｾﾝﾖｳ","F7","12880","OTHER","0","","0","0","#000000"
"62073","arai aa oyama v/t","2026-02-07","15:55","NISSAN","NISSAN ATLAS","2006","SH4F23","WCab","F5","1990","WHITE","88000","R","0","0","#000000"
"1819","arai aa oyama v/t","2026-02-07","15:55","NISSAN","NISSAN CONDOR","1995","BPR71PV","Low -ﾀﾞ","FAT","4570","OTHER","102000","3.5","0","0","#000000"
"4530","arai aa oyama v/t","2026-02-07","15:55","VOLVO","VOLVO OTHER","2012","ﾌﾒｲ","Tractor","ﾄｸS","12770","OTHER","279000","3.5","0","0","#000000"
"62071","arai aa oyama v/t","2026-02-07","15:55","MITSUBISHI","MITSUBISHI FUSO FIGHTER","2006","FK71R","Low -ﾀﾞ","F6","4890","OTHER","319000","3.5","0","640000","#73aa00"
"4493","arai aa oyama v/t","2026-02-07","15:55","MITSUBISHI","MITSUBISHI FUSO FIGHTER","2010","FK72FZ","Dump","F6","7540","OTHER","639000","3.5","0","0","#000000"
"82116","arai aa oyama v/t","2026-02-07","15:55","MITSUBISHI","MITSUBISHI SUPER GREAT","2016","FS64VZ","ﾚｲｿﾞｳﾚｲﾄｳｳｲﾝｸﾞ","ﾄｸS","12800","OTHER","778000","0","0","1042000","#eed649"
"4521","arai aa oyama v/t","2026-02-07","15:54","HINO","HINO TRUCK","","I","NO TRUCK
0 FW1EXBG
ｼｬ-ｼ","ﾄｸS","12910","OTHER","0","","0","0","#000000"
"4518","arai aa oyama v/t","2026-02-07","15:54","MITSUBISHI","MITSUBISHI SUPER GREAT","2014","FS54VZ","ｼｬ-ｼ","ﾄｸS","12800","OTHER","3","","0","1608000","#73aa00"
"82114","arai aa oyama v/t","2026-02-07","15:54","ISUZU","ISUZU GIGA","2016","CYL77B","CHILLING REFRIGERATOR","..S","9830","ACTUAL VEHICLE","0","","0","3050000","#eed649"
"62070","arai aa oyama v/t","2026-02-07","15:54","NISSAN","NISSAN ATLAS","2018","SZ2F24","WCab","F5","2950","WHITE","97000","3.5","0","1404000","#ff9c33"
"82113","arai aa oyama v/t","2026-02-07","15:54","ISUZU","ISUZU GIGA","2000","CXH23W3","ALUMINIUM WING","F7","9830","ACTUAL VEHICLE","884000","0","0","0","#000000"
"82112","arai aa oyama v/t","2026-02-07","15:53","ISUZU","ISUZU GIGA","2010","CYL77V8","ALUMINIUM WING","..S","9830","ACTUAL VEHICLE","0","","0","2795000","#ff9c33"
"82111","arai aa oyama v/t","2026-02-07","15:53","MITSUBISHI","MITSUBISHI SUPER GREAT","2006","FS54JZ","Aluminum ｳｲﾝｸﾞ","F7","12880","OTHER","0","","0","0","#000000"
"4489","arai aa oyama v/t","2026-02-07","15:53","ISUZU","ISUZU GIGA","2006","CYL52V6","ALUMINIUM WING","F7","15680","ACTUAL VEHICLE","0","","0","0","#000000"
"62068","arai aa oyama v/t","2026-02-07","15:53","NISSAN","NISSAN ATLAS","2006","SH4F23","WCab","F5","1990","WHITE","95000","3.5","0","0","#000000"
"4519","arai aa oyama v/t","2026-02-07","15:53","NISSAN","NISSAN BIGTHUMB","2004","CW53A","Dump","F7","17990","OTHER","191000","3","0","0","#000000"
"1810","arai aa oyama v/t","2026-02-07","15:52","HINO","HINO DUTRO","2012","XZU710M","Gila","F6","4000","OTHER","18000","3.5","0","0","#000000"
"82110","arai aa oyama v/t","2026-02-07","15:52","MITSUBISHI","MITSUBISHI CANTER","2001","FB51AB","WCab","F5","2830","OTHER","19000","0","0","0","#000000"
"62066","arai aa oyama v/t","2026-02-07","15:52","NISSAN","NISSAN ATLAS","2006","SH4F23","ﾄﾗｯｸ","F5","1990","WHITE","44000","3.5","0","463000","#ff9c33"
"82109","arai aa oyama v/t","2026-02-07","15:52","MITSUBISHI","MITSUBISHI CANTER","2016","FEB90","Low -ﾀﾞ","I5","2990","OTHER","79000","0","0","0","#000000"
"81052","arai aa oyama v/t","2026-02-07","15:52","ISUZU","ISUZU ELF","1999","NPR72LV","ｺﾝｸﾘｻ Key ﾞｮｳ","F5","4980","OTHER","85000","0","0","0","#000000"
"81051","arai aa oyama v/t","2026-02-07","15:52","ISUZU","ISUZU ELF","2003","NKR69EA","Gila","F5","3050","OTHER","177000","0","0","0","#000000"
"4487","arai aa oyama v/t","2026-02-07","15:52","MITSUBISHI","MITSUBISHI SUPER GREAT","2001","FU54JUY","Aluminum ｳｲﾝｸﾞ","F7","12880","OTHER","468000","3","0","0","#000000"
"81013","arai aa oyama v/t","2026-02-07","15:52","ISUZU","ISUZU FORWARD","2001","FRR35H4","Gila","F6","7160","OTHER","482000","0","0","0","#000000"
"1782","arai aa oyama v/t","2026-02-07","15:52","MITSUBISHI","MITSUBISHI CANTER","2006","FE83DGN","Low -ﾀﾞ","I5","4890","OTHER","632000","3","0","0","#000000"
"82106","arai aa oyama v/t","2026-02-07","15:51","MITSUBISHI","MITSUBISHI CANTER","2020","FBA30","Dump","I5","2990","OTHER","58000","1","0","0","#000000"
"62063","arai aa oyama v/t","2026-02-07","15:51","NISSAN","NISSAN ATLAS","2012","SZ2F24","ｱｸｼｮﾝ Van","F5","2950","WHITE","99000","3.5","0","423000","#eed649"
"82107","arai aa oyama v/t","2026-02-07","15:51","MITSUBISHI","MITSUBISHI CANTER","2013","FEA13","Van","ﾄｸS","2990","OTHER","152000","0","0","0","#000000"
"1773","arai aa oyama v/t","2026-02-07","15:51","MITSUBISHI","MITSUBISHI CANTER","2006","FE71BBD","Dump","MT","0","OTHER","236000","R","0","686000","#51b0df"
"1809","arai aa oyama v/t","2026-02-07","15:51","NISSAN","NISSAN TRUCK","1999","SP6F23","WCab","F5","2660","OTHER","335000","3.5","0","0","#000000"
"62060","arai aa oyama v/t","2026-02-07","15:50","NISSAN","NISSAN ATLAS","2006","SH4F23","ﾄﾗｯｸ","F5","1990","WHITE","80000","3.5","0","0","#000000"
"62061","arai aa oyama v/t","2026-02-07","15:50","MITSUBISHI","MITSUBISHI CANTER","2016","FBA60","Dump","I5","2990","BLUE","113000","3","0","0","#000000"
"82105","arai aa oyama v/t","2026-02-07","15:50","MITSUBISHI","MITSUBISHI CANTER","2019","FBA20","WCab","I5","2990","OTHER","190000","1","0","0","#000000"
"82104","arai aa oyama v/t","2026-02-07","15:50","MITSUBISHI","MITSUBISHI CANTER","2010","FE82B","Gila","I5","2970","OTHER","265000","0","0","0","#000000"
"4522","arai aa oyama v/t","2026-02-07","15:50","NISSAN","NISSAN CONDOR","2002","PK25Aｶｲ","ｺﾝﾃﾅｾﾝﾖｳ","F6","6920","OTHER","543000","3.5","0","0","#000000"
"4513","arai aa oyama v/t","2026-02-07","15:49","NISSAN","NISSAN QUON","2010","GK4XAB","Tractor","ﾄｸS","13070","OTHER","3","","0","2055000","#ff9c33"
"1805","arai aa oyama v/t","2026-02-07","15:49","TOYOTA","TOYOTA OTHER","2013","XZC610D","Dump","FAT","4000","OTHER","169000","3.5","0","0","#000000"
"82103","arai aa oyama v/t","2026-02-07","15:49","TOYOTA","TOYOTA DYNA","","O","Y","MT","0","OTHER","201000","0","0","0","#000000"
"1769","arai aa oyama v/t","2026-02-07","15:49","MITSUBISHI","MITSUBISHI CANTER","2007","FE74BV","Van","I5","2970","OTHER","279000","3","0","412000","#ff9c33"
"4483","arai aa oyama v/t","2026-02-07","15:49","MITSUBISHI","MITSUBISHI SUPER GREAT","2018","FV70HJR","Tractor","ﾄｸS","10670","OTHER","554000","3.5","0","8725000","#ff9c33"
"4520","arai aa oyama v/t","2026-02-07","15:49","HINO","HINO PROFIA","2006","FW1EXWG","Aluminum ｳｲﾝｸﾞ","F7","12910","OTHER","904000","3","0","2765000","#eed649"
"82100","arai aa oyama v/t","2026-02-07","15:48","MITSUBISHI","MITSUBISHI CANTER","2013","FBA60","Dump","MT","3000","OTHER","81000","0","0","455000","#ff9c33"
"1801","arai aa oyama v/t","2026-02-07","15:48","TOYOTA","TOYOTA DYNA","1979","BU20D","Dump","C5","2970","OTHER","120000","RB","0","0","#000000"
"82101","arai aa oyama v/t","2026-02-07","15:48","MITSUBISHI","MITSUBISHI CANTER","2020","FBA00","WCab","ﾄｸS","2990","OTHER","186000","0","0","450000","#eed649"
"62056","arai aa oyama v/t","2026-02-07","15:48","MITSUBISHI","MITSUBISHI CANTER","2014","FBA00","Panel Van","ﾄｸS","2990","WHITE","393000","3","0","361000","#73aa00"
"4506","arai aa oyama v/t","2026-02-07","15:48","MITSUBISHI","MITSUBISHI SUPER GREAT","2001","FV50JUZ","Aluminum ｳｲﾝｸﾞ","F7","12880","OTHER","698000","3","0","2185000","#ff9c33"
"4481","arai aa oyama v/t","2026-02-07","15:48","MITSUBISHI","MITSUBISHI SUPER GREAT","2010","FS54JZ","Aluminum ｳｲﾝｸﾞ","F7","12880","OTHER","913000","3","0","1280000","#ff9c33"
"82097","arai aa oyama v/t","2026-02-07","15:47","TOYOTA","TOYOTA DYNA","2023","TRY230","Gila","F5","1990","OTHER","57000","0","0","0","#000000"
"62055","arai aa oyama v/t","2026-02-07","15:47","MITSUBISHI","MITSUBISHI CANTER","2000","FB51AA","Gila","F5","2830","OTHER","73000","3.5","0","0","#000000"
"1798","arai aa oyama v/t","2026-02-07","15:47","HINO","HINO DUTRO","2012","XZC610T","Dump","F5","4000","OTHER","109000","3","0","1015000","#ff9c33"
"1799","arai aa oyama v/t","2026-02-07","15:47","HINO","HINO DUTRO","2012","XZU620T","Dump","F5","4000","OTHER","117000","3.5","0","1836000","#eed649"
"4516","arai aa oyama v/t","2026-02-07","15:47","HINO","HINO TRUCK","2014","FS1EKAA","Dump","F7","12910","OTHER","182000","RB","0","0","#000000"
"82098","arai aa oyama v/t","2026-02-07","15:47","MITSUBISHI","MITSUBISHI CANTER","2014","FE850","WCab","ﾄｸS","2990","OTHER","242000","1","0","0","#000000"
"4479","arai aa oyama v/t","2026-02-07","15:47","MITSUBISHI","MITSUBISHI SUPER GREAT","2003","FV50LHR","Tractor","HL8","19000","OTHER","499000","3","0","0","#000000"
"1770","arai aa oyama v/t","2026-02-07","15:47","MITSUBISHI","MITSUBISHI CANTER","2003","FE82EEV","Aluminum Van","MT","5240","OTHER","621000","R","0","628000","#eed649"
"4507","arai aa oyama v/t","2026-02-07","15:46","HINO","HINO PROFIA","2010","FS1EPYA","Dump","F7","12910","OTHER","0","","0","0","#000000"
"1768","arai aa oyama v/t","2026-02-07","15:46","MITSUBISHI","MITSUBISHI CANTER","2009","FE73D","ｼﾞﾝ Key","I5","4890","OTHER","51000","3.5","0","0","#000000"
"45001","arai aa oyama v/t","2026-02-07","15:46","HINO","HINO RANGER","2010","FC7JHYA","Gila . Crane 3 Dan","F6","6400","WHITE","61000","B","0","0","#000000"
"82095","arai aa oyama v/t","2026-02-07","15:46","HINO","HINO DUTRO","2007","XZU378M","Gila","F5","4000","OTHER","174000","0","0","375000","#ff9c33"
"1796","arai aa oyama v/t","2026-02-07","15:46","HINO","HINO DUTRO","2010","XZU304X","ｺｳｼｮｻ Key ﾞｮｳ","F5","4000","OTHER","180000","3","0","566000","#eed649"
"4514","arai aa oyama v/t","2026-02-07","15:46","HINO","HINO PROFIA","2005","SH1EDJG","Tractor","F7","12910","OTHER","236000","3.5","0","958000","#51b0df"
"62053","arai aa oyama v/t","2026-02-07","15:46","NISSAN","NISSAN TRUCK","2007","MK36C","ｺﾝﾃﾅｾﾝﾖｳ","F6","6400","OTHER","582000","3","0","660000","#eed649"
"1797","arai aa oyama v/t","2026-02-07","15:46","HINO","HINO DUTRO","2007","XZU348M","Gila","F5","4000","OTHER","630000","3","0","675000","#eed649"
"4504","arai aa oyama v/t","2026-02-07","15:46","MITSUBISHI","MITSUBISHI SUPER GREAT","2011","FS54VZ","Gila .ｾﾙﾌ Crane","F7","12800","OTHER","782000","R","0","1205000","#eed649"
"4475","arai aa oyama v/t","2026-02-07","15:45","ISUZU","ISUZU GIGA","","S","UZU GIGA
0 CYL77V8","F7","9830","ACTUAL VEHICLE","35","","0","0","#000000"
"48003","arai aa oyama v/t","2026-02-07","15:45","HINO","HINO DUTRO","2012","XZC710M","Gila","F5","4000","WHITE","55000","3.5","0","1300000","#eed649"
"62049","arai aa oyama v/t","2026-02-07","15:45","MITSUBISHI","MITSUBISHI CANTER","2006","FD70BB","Gila 4WD","I5","2970","WHITE","90000","3.5","0","1160000","#ff9c33"
"62050","arai aa oyama v/t","2026-02-07","15:45","NISSAN","NISSAN ATLAS","2008","APR85AN","Key ｬﾘｱｶ","ﾄｸS","2990","WHITE","244000","R","0","1115000","#ff9c33"
"1766","arai aa oyama v/t","2026-02-07","15:45","MITSUBISHI","MITSUBISHI CANTER","2014","FEB80","Gila .ﾎ Low","ﾄｸS","2990","OTHER","273000","RB","0","0","#000000"
"82093","arai aa oyama v/t","2026-02-07","15:45","MITSUBISHI","MITSUBISHI CANTER","2004","FE73CB","ｼﾞﾝ Key","I5","4210","OTHER","338000","0","0","0","#000000"
"4505","arai aa oyama v/t","2026-02-07","15:45","HINO","HINO PROFIA","2005","FS1EWWG","Gila . Aluminum B","ﾄｸS","12910","OTHER","898000","R","0","2825000","#ff9c33"
"17017","arai aa oyama v/t","2026-02-07","15:44","MITSUBISHI","MITSUBISHI SUPER GREAT","2024","FV70HX","Dump","F7","10670","OTHER","5","","0","0","#000000"
"4503","arai aa oyama v/t","2026-02-07","15:44","HINO","HINO TRUCK","2003","FR2PWGA","Gila","F7","10520","OTHER","35","","0","0","#000000"
"48001","arai aa oyama v/t","2026-02-07","15:44","HINO","HINO PROFIA","2012","FW1EXBJ","ｳｲﾝｸﾞ","ﾄｸS","12910","OTHER","3","","0","0","#000000"
"48002","arai aa oyama v/t","2026-02-07","15:44","HINO","HINO RANGER","2012","FD7JLAG","ｳｲﾝｸﾞ","F6","6400","OTHER","3","","0","661000","#51b0df"
"4512","arai aa oyama v/t","2026-02-07","15:44","HINO","HINO PROFIA","1996","SS3VJCA","Tractor","HL","25970","OTHER","171000","3.5","0","0","#000000"
"4510","arai aa oyama v/t","2026-02-07","15:43","TRAILER","TRAILER OTHER","1994","PFB24101","NO.4509ｾｯﾄ","","0","","0","","0","0","#000000"
"1788","arai aa oyama v/t","2026-02-07","15:43","NISSAN","NISSAN VANETTE TRUCK","2016","SKP2TN","Gila","CAT","1790","OTHER","155000","3","0","0","#000000"
"82089","arai aa oyama v/t","2026-02-07","15:43","HINO","HINO DUTRO","2012","XZU600X","Gila","I5","4000","OTHER","158000","0","0","335000","#ff9c33"
"82088","arai aa oyama v/t","2026-02-07","15:43","NISSAN","NISSAN OTHER","2011","SKP2LN","Gila","CAT","1790","OTHER","297000","0","0","0","#000000"
"82090","arai aa oyama v/t","2026-02-07","15:43","MITSUBISHI","MITSUBISHI CANTER","2018","FEA50","ｼｬ-ｼ","ﾄｸS","2990","OTHER","351000","0","0","588000","#eed649"
"17016","arai aa oyama v/t","2026-02-07","15:43","ISUZU","ISUZU GIGA","2020","CYJ77CA","CHILLING REFRIGERATOR","..S","9830","ACTUAL VEHICLE","699000","3","0","0","#000000"
"65003","arai aa oyama v/t","2026-02-07","15:42","HINO","HINO DUTRO","2012","XZU650M","Gila . Crane","F5","4000","WHITE","0","","0","0","#000000"
"17014","arai aa oyama v/t","2026-02-07","15:42","NISSAN","NISSAN QUON","2023","GK5DAB","Tractor","ﾄｸS","10830","OTHER","40000","3","0","0","#000000"
"4508","arai aa oyama v/t","2026-02-07","15:42","NISSAN","NISSAN TRUCK","2008","CV2YB","ｼｬ-ｼ","F7","9200","OTHER","142000","R","0","0","#000000"
"1786","arai aa oyama v/t","2026-02-07","15:42","TOYOTA","TOYOTA OTHER","2006","XZU378","ﾀﾝｸ","F5","4000","OTHER","243000","R","0","0","#000000"
"65004","arai aa oyama v/t","2026-02-07","15:42","TOYOTA","TOYOTA HIACE","2004","TRH214W","","IAT","2690","OTHER","244000","0","0","0","#000000"
"82087","arai aa oyama v/t","2026-02-07","15:42","HINO","HINO DUTRO","2010","XZU348M","Dump","MT","0","OTHER","360000","0","0","0","#000000"
"17015","arai aa oyama v/t","2026-02-07","15:42","MITSUBISHI","MITSUBISHI SUPER GREAT","2020","FS74HZ","Aluminum ｳｲﾝｸﾞ","ﾄｸS","10670","OTHER","431000","4","0","0","#000000"
"62040","arai aa oyama v/t","2026-02-07","15:41","NISSAN","NISSAN ATLAS","2003","APR72LR","Gila . Crane 3 Dan","F6","4980","OTHER","88000","3.5","0","0","#000000"
"65002","arai aa oyama v/t","2026-02-07","15:41","HINO","HINO DUTRO","2013","XZU620T","Dump","F5","4000","WHITE","110000","0","0","0","#000000"
"82084","arai aa oyama v/t","2026-02-07","15:41","HINO","HINO DUTRO","2016","XZC605M","Gila","MT","4000","WHITE","111000","0","0","380000","#ff9c33"
"1785","arai aa oyama v/t","2026-02-07","15:41","HINO","HINO DUTRO","2003","XZU411M","Gila","F5","4890","OTHER","382000","R","0","0","#000000"
"17013","arai aa oyama v/t","2026-02-07","15:41","HINO","HINO PROFIA","2020","FW1AHG","Aluminum ｳｲﾝｸﾞ","F7","8860","OTHER","855000","3.5","0","3332000","#eed649"
"4469","arai aa oyama v/t","2026-02-07","15:41","ISUZU","ISUZU GIGA","2007","CYY77V6","ALUMINIUM WING","F7","9830","ACTUAL VEHICLE","987000","R","0","1600000","#ff9c33"
"17012","arai aa oyama v/t","2026-02-07","15:40","TRAILER","TRAILER OTHER","2009","PFB34117","NO.17011ｾｯﾄ","","0","","0","","0","0","#000000"
"4467","arai aa oyama v/t","2026-02-07","15:40","ISUZU","ISUZU GIGA","2011","CYL77A","ALUMINIUM WING","F7","9830","ACTUAL VEHICLE","35","","0","2584000","#51b0df"
"4497","arai aa oyama v/t","2026-02-07","15:40","HINO","HINO TRUCK","1991","SS2VJAA","Tractor","HL5","24610","OTHER","54000","3","0","0","#000000"
"62076","arai aa oyama v/t","2026-02-07","15:40","HINO","HINO DUTRO","2012","XZC610T","Dump","F5","4000","WHITE","163000","3","0","1000000","#ff9c33"
"82083","arai aa oyama v/t","2026-02-07","15:40","MITSUBISHI","MITSUBISHI CANTER","2012","FBA60","Dump","ﾄｸS","2990","OTHER","246000","0","0","486000","#51b0df"
"1783","arai aa oyama v/t","2026-02-07","15:40","TOYOTA","TOYOTA TOYOACE","2014","XZU710","Aluminum Van","FAT","4000","OTHER","252000","3","0","556000","#ff9c33"
"4492","arai aa oyama v/t","2026-02-07","15:40","ISUZU","ISUZU GIGA","2014","CYJ77A","ALUMINIUM WING","..S","9830","WHITE","750000","3.5","0","1698000","#73aa00"
"4502","arai aa oyama v/t","2026-02-07","15:39","TRAILER","TRAILER OTHER","1997","TNF22401","NO.4501ｾｯﾄ","","0","","0","","0","0","#000000"
"4495","arai aa oyama v/t","2026-02-07","15:39","HINO","HINO TRUCK","2009","FR1EXYG","Aluminum ｳｲﾝｸﾞ","F7","12910","OTHER","35","","0","1355000","#eed649"
"62074","arai aa oyama v/t","2026-02-07","15:39","HINO","HINO RANGER","2013","FC9JCAP","Dump","F6","5120","WHITE","50000","3","0","1830000","#ff9c33"
"1780","arai aa oyama v/t","2026-02-07","15:39","TOYOTA","TOYOTA DYNA","2005","TRY230","Gila","F5","2000","OTHER","85000","3.5","0","739000","#ff9c33"
"17011","arai aa oyama v/t","2026-02-07","15:39","ISUZU","ISUZU GIGA","2023","EXZ52CK","TRACTOR SET SEMI TRAILLER","..S","15680","ACTUAL VEHICLE","98000","3","0","0","#000000"
"62036","arai aa oyama v/t","2026-02-07","15:39","MAZDA","MAZDA TITAN","2006","LPR81AR","Gila","ﾄｸS","4770","WHITE","135000","R","0","0","#000000"
"82080","arai aa oyama v/t","2026-02-07","15:39","NISSAN","NISSAN VANETTE TRUCK","2006","SKF2LN","Gila","MT","2000","OTHER","176000","0","0","0","#000000"
"1781","arai aa oyama v/t","2026-02-07","15:39","HINO","HINO DUTRO","2004","XKU304E","ｼｬ-ｼ","F5","4000","OTHER","335000","3","0","188000","#ff9c33"
"17010","arai aa oyama v/t","2026-02-07","15:39","HINO","HINO PROFIA","2020","FR1AHG","ﾚｲｿﾞｳﾚｲﾄｳ","F7","8860","OTHER","549000","4","0","0","#000000"
"62034","arai aa oyama v/t","2026-02-07","15:38","NISSAN","NISSAN BIGTHUMB","1998","CK631BHTｶｲ","Tractor","F7","26500","SILVER","3","","0","0","#000000"
"62035","arai aa oyama v/t","2026-02-07","15:38","NISSAN","NISSAN ATLAS","2006","AKR81AN","ｼﾞﾝ Key","F5","4770","WHITE","96000","3.5","0","0","#000000"
"82079","arai aa oyama v/t","2026-02-07","15:38","HINO","HINO DUTRO","2012","XZU695M","Gila . Crane 3 Dan","MT","4000","WHITE","107000","0","0","0","#000000"
"1743","arai aa oyama v/t","2026-02-07","15:38","MITSUBISHI","MITSUBISHI CANTER","2000","FB51AB","Gila","F5","2830","OTHER","151000","3.5","0","650000","#eed649"
"82077","arai aa oyama v/t","2026-02-07","15:38","HINO","HINO LIESSE","1997","RX4JFAA","ﾊﾞｽ","MT","5300","OTHER","235000","0","0","0","#000000"
"62072","arai aa oyama v/t","2026-02-07","15:38","HINO","HINO DUTRO","2009","XZU538M","Gila","F5","4000","SILVER","256000","3","0","0","#000000"
"17009","arai aa oyama v/t","2026-02-07","15:38","HINO","HINO PROFIA","2021","FR1AHS","Aluminum ｳｲﾝｸﾞ","ﾄｸS","8860","OTHER","457000","3.5","0","0","#000000"
"4500","arai aa oyama v/t","2026-02-07","15:38","NISSAN","NISSAN UD SERIES","","I","SSAN UD SER","ﾄｸS","0","OTHER","546000","3","0","0","#000000"
"82076","arai aa oyama v/t","2026-02-07","15:37","MITSUBISHI","MITSUBISHI FUSO FIGHTER","","I","TSUB","MT","0","OTHER","0","","0","0","#000000"
"1774","arai aa oyama v/t","2026-02-07","15:37","HINO","HINO DUTRO","2006","XZU334M","ｼｮｳﾎﾞｳｼｬ","F5","4000","OTHER","11000","4","0","0","#000000"
"62031","arai aa oyama v/t","2026-02-07","15:37","NISSAN","NISSAN ATLAS","2009","SZ5F24","Gila","F5","2950","WHITE","67000","R","0","0","#000000"
"62032","arai aa oyama v/t","2026-02-07","15:37","TOYOTA","TOYOTA LITE ACE TRUCK","2011","S412U","ﾄﾗｯｸ4WD","I5","1490","WHITE","100000","R","0","0","#000000"
"1777","arai aa oyama v/t","2026-02-07","15:37","TOYOTA","TOYOTA DYNA","1997","BU102D","Dump","F5","4100","OTHER","131000","R","0","0","#000000"
"82075","arai aa oyama v/t","2026-02-07","15:37","HINO","HINO RANGER","2006","FC6JCWA","Dump","MT","4720","WHITE","290000","0","0","0","#000000"
"62069","arai aa oyama v/t","2026-02-07","15:37","HINO","HINO PROFIA","2007","FW1EXYG","Low -ﾀﾞ","F7","12910","OTHER","551000","3","0","967000","#51b0df"
"17008","arai aa oyama v/t","2026-02-07","15:37","MITSUBISHI","MITSUBISHI SUPER GREAT","2020","FS74HZ","Aluminum ｳｲﾝｸﾞ","F7","10670","OTHER","564000","3","0","4385000","#51b0df"
"4488","arai aa oyama v/t","2026-02-07","15:37","MITSUBISHI","MITSUBISHI SUPER GREAT","2007","FU54JZ","Aluminum ｳｲﾝｸﾞ","F7","12880","OTHER","711000","R","0","1854000","#51b0df"
"4461","arai aa oyama v/t","2026-02-07","15:37","MITSUBISHI","MITSUBISHI FUSO FIGHTER","1997","FK629JZ","Gila . Aluminum B","F6","8200","OTHER","828000","3","0","2095000","#ff9c33"
"4498","arai aa oyama v/t","2026-02-07","15:36","NISSAN","NISSAN QUON","2016","CG5ZA","Aluminum ｳｲﾝｸﾞ","ﾄｸS","10830","OTHER","35","","0","1581000","#73aa00"
"82073","arai aa oyama v/t","2026-02-07","15:36","MITSUBISHI","MITSUBISHI FUSO FIGHTER","2006","FK71R","","F6","4890","OTHER","0","","0","450000","#ff9c33"
"17007","arai aa oyama v/t","2026-02-07","15:36","MITSUBISHI","MITSUBISHI FUSO FIGHTER","2025","FK65FY","ｾ Key ｻｲ. Crane 4 Dan","F6","7540","OTHER","1000","5","0","0","#000000"
"1742","arai aa oyama v/t","2026-02-07","15:36","MAZDA","MAZDA TITAN","1998","WGSAT","Low -ﾀﾞ","F5","2950","OTHER","110000","3.5","0","0","#000000"
"1737","arai aa oyama v/t","2026-02-07","15:36","MITSUBISHI","MITSUBISHI CANTER","2003","FE72CB","Van","I5","4210","OTHER","155000","R","0","0","#000000"
"62067","arai aa oyama v/t","2026-02-07","15:36","HINO","HINO RANGER","2006","FC6JCWA","ｺﾝﾃﾅｾﾝﾖｳ","F6","4720","OTHER","234000","3","0","1006000","#73aa00"
"17006","arai aa oyama v/t","2026-02-07","15:36","HINO","HINO PROFIA","2020","FS1AGA","Dump","F7","8860","OTHER","268000","3.5","0","8755000","#ff9c33"
"82074","arai aa oyama v/t","2026-02-07","15:36","MITSUBISHI","MITSUBISHI FUSO FIGHTER","1994","FK618G","","MT","0","OTHER","340000","0","0","0","#000000"
"4457","arai aa oyama v/t","2026-02-07","15:35","ISUZU","ISUZU GIGA","2011","CYM77A","COMMON. CRANE","F7","9830","ACTUAL VEHICLE","3","","0","0","#000000"
"62065","arai aa oyama v/t","2026-02-07","15:35","HINO","HINO RANGER","2012","FC9JCAP","Dump","F6","5120","WHITE","66000","3.5","0","0","#000000"
"82072","arai aa oyama v/t","2026-02-07","15:35","TOYOTA","TOYOTA COASTER","1991","HDB30","ﾊﾞｽ","F5","4160","OTHER","150000","0","0","0","#000000"
"62027","arai aa oyama v/t","2026-02-07","15:35","ISUZU","ISUZU GIGA","2007","CYJ77W8","CONTAINER HEAD","..S","9830","ACTUAL VEHICLE","318000","3.5","0","1675000","#ff9c33"
"4496","arai aa oyama v/t","2026-02-07","15:35","NISSAN","NISSAN QUON","2013","CW5XL","ｺﾝﾃﾅｾﾝﾖｳｱ-ﾑ Low -ﾙ","HL6","10830","OTHER","400000","3","0","1728000","#eed649"
"62064","arai aa oyama v/t","2026-02-07","15:35","HINO","HINO DUTRO","2012","XZU655M","Gila .ﾎ Low","FAT","4000","WHITE","418000","3.5","0","762000","#eed649"
"82071","arai aa oyama v/t","2026-02-07","15:35","NISSAN","NISSAN UD SERIES","2004","PK25A","ｼｬ-ｼ","C6","6920","OTHER","587000","0","0","0","#000000"
"17005","arai aa oyama v/t","2026-02-07","15:35","ISUZU","ISUZU GIGA","2020","CYY77CY","CHILLING REFRIGERATOR","F7","9830","ACTUAL VEHICLE","708000","3","0","4000000","#ff9c33"
"17004","arai aa oyama v/t","2026-02-07","15:34","MITSUBISHI","MITSUBISHI SUPER GREAT","2025","FS80VZ","Low -ﾀﾞ","ﾄｸS","12800","OTHER","1000","5","0","0","#000000"
"1733","arai aa oyama v/t","2026-02-07","15:34","MITSUBISHI","MITSUBISHI CANTER","1996","FE517BN","Dump","F5","4210","YELLOW","122000","3","0","0","#000000"
"82069","arai aa oyama v/t","2026-02-07","15:34","HINO","HINO RANGER","2007","FC7JEWA","ｺﾝﾃﾅｾﾝﾖｳ","MT","6400","OTHER","137000","0","0","0","#000000"
